"Clinic Name",Address,"Address 2",City,State,Zip,Phone
"Yale Fertility Center","150 Sargent Drive","2nd Floor","New Haven",CT,6511,
"CT Fertility","4920 Main Street","Suite 301",Bridgeport,CT,6606,203-373-1200
"Long Island IVF- Melville","8 Corporate Center Drive","Suite 101",Melville,NY,11747,631-752-0606
"Reproductive Medicine Associates of Connecticut","761 Main Avenue ","Suite 200",Norwalk,CT,6851,877-411-0142
"The Center for Advanced Reproductive Services","The University of Connecticut He","263 Farmington Avenue",Farmington,CT,6030,860-679-4580
"East Coast Fertility - Plainview","245 Newtown Road",,Plainview,NY,11803,
"Gold Coast IVF","243 Jericho Turnpike",,Syosset,NY,11791,516-682-8900
"The Stamford Hospital","Shelburne & West Broad Streets",,Stamford,CT,6904,203-329-7559
"New England Fertility Institute","1275 Summer Street","Suite 201",Stamford,CT,6905,203-325-3200
"Reproductive Specialists of New York LLP","200 Old Country Road","Suite 330",Mineola,NY,11501,516-739-2100
"The Center for Human Reproduction, North Shore-LIJ Health System","300 Community Drive",,Manhasset,NY,11030,"516-562-BABY (2229)"
"Westchester Fertility & Reproductive Endocrinology","136 South Broadway",,"White Plains",NY,10605,914-949-6677
"Baystate Reproductive Medicine","Baystate Medical Center, Divisio","759 Chestnut Street",Springfield,MA,1199,413-794-5608
"North Hudson IVF","385 Sylvan Avenue",,"Englewood Cliffs",NJ,7632,201-871-1999
"Advanced Fertility Services","1625 Third Avenue",,"New York",NY,10128,516-770-1818
"New York Fertility Institute","1016 Fifth Avenue",,"New York",NY,10028,212-734-5555
"Manhattan Reproductive Medicine","159 East 74th Street","Suite 1C","New York",NY,10021,212-794-0080
"New Hope Fertility Center","4 Columbus Circle","4th Floor","New York",NY,10019,212-517-7676
"Offices for Fertility & Reproductive Medicine PC","51 East 67th Street",,"New York",NY,10021,212-535-5350
"Westchester Reproductive Medicine","344 East Main Street Suite 403",,"Mt. Kisco",NY,10549,914-962-6300
"Women & Infants Center for Reproduction and Infertility","90 Plain Street",,Providence,RI,2905,401-453-7500
"Institute for Reproductive Medicine and Health","Montefiore Medical Center","141 South Central Avenue, Suite ",Hartsdale,NY,10530,914-997-1060
"Cornell Center for Reproductive Medicine","1305 York Avenue","6th Floor","New York",NY,10021,646-962-2762
"Center for Human Reproduction","21 East 69th Street",,"New York",NY,10021,212-994-4400
"Reproductive Medicine Associates of New York, LLP","635 Madison Avenue","10th Floor","New York",NY,10022,"2127565777 "
"American Fertility Services PC","115 East 57th Street","Suite 500","New York",NY,10022,212-750-3330
"Metropolitan Reproductive Medicine PC","422 West End Avenue",,"New York",NY,10024,212-580-2252
"NYU Fertility Center","660 First Ave at 38 Street","5th Floor","New York",NY,10016,212-263-8990
"Brooklyn/Westside Fertility Center","55 Central Park West",Suite1C,"New York",NY,10023,212-721-4545
"IVF New York","230 Central Park South","Suite 1F","New York",NY,10019,212-246-3381
"Continuum Reproductive Center of St Luke's Roosevelt Hospital","425 West 59th Street ","Suite 6A","New York",NY,10019,212-523-7751
"Center for Women's Reproductive Care at Columbia University","1790 Broadway, Second Floor",,"New York",NY,10019,646-872-1322
"Reproductive Care of N.Y.P.C.","330 West 58th Street","Suite 613","New York",NY,10019,212-247-3111
"Beth Israel Center for Infertility and Reproductive Health","10 Union Square East","Suite 2E","New York",NY,10003,212-844-8587
"Kofinas Fertility Institute at New York Methodist Hospital","506 Sixth Street",,Brooklyn,NY,11215,718-780-5065
"Fertility Institute of New Jersey and New York","400 Old Hook Road",,Westwood,NJ,7675,201-666-4200
"Genesis Fertility & Reproductive Medicine","6010 Bay Parkway","5th Floor",Brooklyn,NY,11204,718-283-8600
"The Valley Hospital Fertility Center","1 Valley Health Plaza",,Paramus,NJ,7652,201-634-5485
"University Reproductive Associates","214 Terrace Avenue",,"Hasbrouck Heights",NJ,7604,201-288-6330
"Hudson Valley Fertility, PLLC","841 Route 52",,Fishkill,NY,12524,845-765-0125
"Island Reproductive Services","1110 South Avenue","Suite 305","Staten Island",NY,10314,718-761-6000
"North Jersey Fertility Associates, LLC","57 Willowbrook Boulevard",,Wayne,NJ,7470,973-754-4055
"Reproductive Science Center of New Jersey","234 Industrial Way West","Suite A104",Eatontown,NJ,7724,732-918-2500
"Diamond Institute for Infertility","89 Milburn Avenue",,Millburn,NJ,7041,973-761-5600
"Center for Advanced Reproductive Medicine & Fertility","4 Ethel Road","Suite 405 A",Edison,NJ,8817,732-339-9300
"Morgan Fertility at Shore Institute for Reproductive Medicine - Shore IVF","475 Highway 70 West","Suite 201",Lakewood,NJ,8701,732-363-4777
"Reproductive Medicine Associates of New Jersey","111 Madison Avenue","Suite 100",Morristown,NJ,7960,973-971-4600
"Brigham & Women's ART Center","75 Francis Street","3rd Floor, ASB1-3",Boston,MA,2115,617-732-7908
"IVF New England-  Lexington","One Forbes Road",,Lexington,MA,2421,
"Boston IVF","130 Second Avenue",,Waltham,MA,2451,888-300-2483
"IVF New Jersey","81 Veronica Avenue",,Somerset,NJ,8873,732-220-9060
"Vincent IVF Unit","Massachusetts General Hospital","55 Fruit Street, VBK 2",Boston,MA,2114,617-726-8868
"The Marino Foundation for Integrative Medicine","2500 Massachusetts Avenue",,Cambridge,MA,2140,617-661-6225
"Sher Institute for Reproductive Medicine-New Jersey","Cardone Reproductive Medicine & ","One Robertson Drive",Bedminster,NJ,7921,908-781-0666
"Princeton IVF/Delaware Valley Ob/Gyn and Infertility Group","2 Princess Road",,Lawrenceville,NJ,8648,609-896-0777
"Albany IVF, Fertility & Gynecology","399 Albany Shaker Road",,Loudonville,NY,12211,518-434-9759
"South Jersey Fertility Center","400 Lippincott Drive","Suite 130",Marlton,NJ,8053,"856-596-2233 "
"Cooper Institute for Reproductive Hormonal Disorders PC","8002E Greentree Commons",,Marlton,NJ,8053,856-751-5575
"Abington Reproductive Medicine-Abington","1245 Highland Avenue","Suite 404",Abington,PA,19001,215-887-2010
"Center for Reproductive Medicine & Fertility","200 Route 73 North","Building A",Voorhees,NJ,8043,856-767-0009
"Family Fertility Center","95 Highland Ave, Suite100",,Bethlehem,PA,18017,610-868-8700
"Fertility & Gynecology Associates","800 Spruce Street",,Philadelphia,PA,19107,215-829-3921
"Penn Fertility Care","3701 Market Street","8th Floor",Philadelphia,PA,19104,
"Infertility Solutions, P.C.","1275 South Cedar Crest Blvd., Su",,Allentown,PA,18103,610-776-1217
"Reproductive Endocrinology & Infertility Specialists","401 North 17th Street, Suite 303",,Allentown,PA,18104,610-969-4522
"Reproductive Medicine Associates of Pennsylvania","1401 N. Cedar Crest Boulevard","Suite 200",Allentown,PA,18104,610-820-6888
"Main Line Fertility & Reproductive Medicine","825 Old Lancaster Road","Suite 170","Bryn Mawr",PA,19010,610-527-0800
"Reproductive Science Institute","945 Chesterbrook Boulevard",,Wayne,PA,19087,610-964-9663
"HAN Fertility Center","1 Medical Center Blvd","ACP Suite 531",Upland,PA,19013,610-447-2727
"Dartmouth-Hitchcock Medical Center","New Hampshire Fertiility Center","One Medical Center Drive",Lebanon,NH,3756,603-653-9240
"Women's Clinic, Ltd.","301 South Seventh Avenue, Suite ",,"West Reading",PA,19611,610-374-2214
"Delaware Institute for Reproductive Medicine P.A.","4745 Ogletown-Stanton Road","Suite 111",Newark,DE,19713,302-738-4600
"Reproductive Associates of Delaware","4735 Ogletown-Stanton Road","Suite 3217, MAP II",Newark,DE,19713,302-623-4242
"Boston IVF-The Maine Center Fertility Clinic","778 Main Street, Suite Two",,"South Portland",ME,4106,
"Geisinger Medical Center Fertility Center","Department of Ob/Gyn","100 N Academy Ave",Danville,PA,17822,570-271-5620
"The Milton S. Hershey Medical Center","500 University Drive",,Hershey,PA,17033,717-531-6286
"CNY Fertility Center-Syracuse","195 Intrepid Lane",,Syracuse,NY,13205,315-469-8700
"Fertility Center of Maryland","110 West Road, Suite102",,Towson,MD,21204,410-296-6400
"Shady Grove Fertility Center ","901 Dulaney Valley Road","Ste 616",Towson,MD,21204,410-512-8300
"Johns Hopkins Medical Institute","10753 Falls Road, Suite 335",,Lutherville,MD,21093,410-583-2749
"Vermont Center for Reproductive Medicine","Women's Health Care Service-FAHC","1 South Prospect Street",Burlington,VT,5401,802-847-0986
"The Center for Assisted Reproductive Technology ","201 E. University Parkway",,Baltimore,MD,21218,410-554-2683
"University of Maryland","405 W. Redwood St.","3rd Floor",Baltimore,MD,21201,410-328-2304
"ART Institute of Washington, Inc.","8901 Wisconsin Avenue","Bldg. 10, 2nd Floor",Bethesda,MD,20889,301-400-2151
"The Center for Reproductive Medicine","9711 Medical Center Drive","Suite 214",Rockville,MD,20850,301-424-1904
"Shady Grove Fertility Center","15001 Shady Grove Road","Suite 400",Rockville,MD,20850,"1-888-761-1967, 301-340-1"
"James A. Simon, M.D., PC","1850 M Street Northwest, Suite 4",,Washington,DC,20036,202-293-1000
"George Washington University","2150 Pennsylvania Ave N W",,Washington,DC,20037,202-741-2520
"Columbia Fertility Associates","2440 M Street NW, Suite 401",,Washington,DC,20037,202-293-6567
"Dominion Fertility","46 S Glebe Road, Ste 301",,Arlington,VA,22204,"(703) 920-3890"
"Virginia Center for Reproductive Medicine","11150 Sunset Hills Road, Suite 1",,Reston,VA,20190,703-437-7722
"Metro Fertility Care","6355 Walker Lane, Suite 500",,Alexandria,VA,22310,703-313-6997
"Washington Fertility Center","4316 L Evergreen Lane",,Annandale,VA,22003,703-658-3100
"Partners for Fertility and IVF (Formerly The Muasher Center for Fertility and IVF)","8501 Arlington Boulevard",,Fairfax,VA,22031,703-876-6317
"Genetics & IVF Institute","3015 Williams Drive",,Fairfax,VA,22031,"800-552-4363, 7036987355 "
"Strong Fertility and Reproductive Science Center","500 Red Creek Drive",,Rochester,NY,14623,585-275-7891
"Institute for Reproductive Health and Infertility","Rochester Fertility Care","1561 Long Pond Road, Suite 410",Rochester,NY,14626,585-453-7760
"New Hope Center for Reproductive Medicine","1181 First Colonial Road, Suite ",,"Virginia Beach",VA,23454,757-496-5370
"Jones Institute for Reproductive Medicine","Department of Ob/Gyn","601 Colley Ave",Norfolk,VA,23507,757-446-7100
"Richmond Center for Fertility","7603 Forest Ave, Ste 301",,Richmond,VA,23229,804-285-9700
"LifeSource Fertility Center","7603 Forest Avenue, Suite 204",,Richmond,VA,23229,804-285-9700
"Infertility & IVF Medical Associates of Western NY","4510 Main Street",,Buffalo,NY,14226,716-839-3057
"Fertility Institute of Virginia","10710 Midlothian Turnpike, Suite",,Richmond,VA,23235,804-379-9000
"Reproductive Medicine and Surgery Center of Virginia","595 Peter Jefferson Parkway, Sui",,Charlottesville,VA,22911,434-982-8520
"Reproductive Health Specialists, Inc.","419 Rodi Road",,Pittsburgh,PA,15235,412-731-8000
"Jones Institute at West Penn Allegheny Health Systems","4815 Liberty Avenue, Suite 330",,Pittsburgh,PA,15224,412-578-5588
"Center for Fertility and Reproductive Endocrinology","300 Halket Street",5150,Pittsburgh,PA,15213,412-641-1600
"West Virginia University","Center for Reproductive Medicine","1322 Pineview Drive, Suite 2","Morgantown ",WV,26505,304-598-3100
"The Reproductive Center","900 Sahara Trail","PO Box 3707",Youngstown,OH,44513,330-965-8395
"ECU Women's Physicians","2160 Herbert Court",,Greenville,NC,27834,252-744-3849
"Northeastern Ohio Fertility Center","468 E. Market Street",,Akron,OH,44304,
"Reproductive Gynecology, Inc. - Akron","95 Arch Street","Suite 250",Akron,OH,44304,"(330) 375 7722, 866-537-2"
"Cleveland Clinic - Beachwood","26900 Cedar Road","Suite 220 South",Beachwood,OH,44122,"216-839-3150 "
"University Hospitals Fertility Center-Beachwood","1000 Auburn Drive","Suite 300",Beachwood,OH,44122,216-285-5028
"MetroHealth Medical Center","Dept of Ob/Gyn","2500 Metro Health Drive",Cleveland,OH,44109,216-778-5990
"Carolina Conceptions","2601 Lake Drive, Suite 301",,Raleigh,NC,27607,919-782-5911
"Duke Fertility Center","5704 Fayetteville Road",,Durham,NC,27713,"(919) 572-4673"
"North Carolina Center for Reproductive Medicine","400 Asheville Avenue","Suite 200",Cary,NC,27518,800-933-7202
"University of North Carolina School of Medicine","4001 Old Clinic Building","CB 7570 Manning Drive","Chapel Hill",NC,27599,919-966-1150
"West Virginia University Fertility Center","830 Pennsylvania Avenue, Suite 2",,Charleston,WV,25304,304-388-1518
"Premier Fertility Center","2783 NC Highway 68, Suite 104",,"High Point ",NC,27265,336-841-707
"Wake Forest Baptist Health Center for Reproductive Medicine","131 Miller Street","2nd Floor",Winston-Salem,NC,27157,336-716-6476
"Ohio Reproductive Medicine","4830 Knightsbridge Boulevard Sui",,Columbus,OH,43214,614-451-2280
"Brenda L. Moskovitz, M.D., P C","415 East Maple Road, Suite 101",,Troy,MI,48083,248-524-1001
"IVF Michigan","3950 South Rochester Road","Suite 2300","Rochester Hills",MI,48307,
"Henry Ford Medical Center","Division of Reproductive Medicin","1500 W Big Beaver, Suite105",Troy,MI,48084,248-637-4050
"Reproductive Medicine Associates of Michigan","130 Town Center Drive","Suite 106",Troy,MI,48084,248-619-3113
"Michigan Comprehensive Fertility Center","18181 Oakwood Boulevard, Suite 1",,Dearborn,MI,48124,313-299-6650
"Michigan Reproductive Medicine (formerly Center for Reproductive Medicine and Surgery)","41000 Woodward Ave, Ste 100 East",,"Bloomfield Hills",MI,48304,248-593-6990
"Wayne State University Physicians Group","26400 West Twelve Mile Road","Suite 140",Southfield,MI,48034,"(313) 993-4645"
"Fertility Center of NW Ohio","2142 N Cove Boulevard",,Toledo,OH,43606,419-479-8830
"University of Michigan Medical Center","Briarwood Center for R.E.","475 Market Place,Building 1, #B","Ann Arbor",MI,48108,734-936-7401
"Advanced Reproductive Concepts","9800 W Kincey Avenue, Suite 160",,Huntersville,NC,28078,704-947-9000
"Reproductive Endocrinology Associates of Charlotte","1524 East Morehead Street",,Charlotte,NC,28207,704-343-3400
"Center for Reproductive Medicine at CMC Women's Institute","1025 Morehead Medical Dr. Suite ",,Charlotte,NC,28204,704-355-1941
"Wright-Patterson Air Force Base","Women's Health Center","4881 Sugar Maple Drive","Wright-Patterson AFB",OH,45433,937-522-2622
"East Tennessee State University","325 North State of Franklin Road",,"Johnson City",TN,37604,423-439-7272
"Kettering Reproductive Medicine","3533 Southern Boulevard","Suite 4100",Kettering,OH,45429,937-395-8444
"Michigan State University","Women's HealthCare","1200 E. Michigan Ave., Ste. 730",Lansing,MI,48912,517-364-5940
"Infertility & Gynecology Ctr. of  Lansing","1200 E Michigan Ave, Suite 305",,Lansing,MI,48912,517-484-4900
"Bethesda Fertility Center","10506 Montgomery Road","Suite 303 and 305",Cincinnati,OH,45242,"800-634-1222, 513-865-167"
"Institute for Reproductive Health","3805 Edwards Road, Suite 450",,Cincinnati,OH,45209,513-924-5550
"Center for Reproductive Health","2123 Auburn Avenue, Suite A-44",,Cincinnati,OH,45219,513-585-2355
"Associated Fertility & Gynecology","7910 W Jefferson, Suite 301",,"Fort Wayne",IN,46804,260-432-6250
"Advanced Fertility & Reproductive Endocrinology Institute, LLC","2728 Sunset Boulevard","Suite 305","West Columbia",SC,29169,803-939-1515
"Piedmont Reproductive Endocrinology Group ","17 Caledon Court","Suite C",Greenville,SC,29615,864-232-7734
"Reproductive Endocrinology & Infertility","890 West Faris Road, Suite 470",,Greenville,SC,29605,864-455-1600
"Southeastern Fertility","9221 University BLVD","Suite D2C","North Charleston",SC,29406,
"The Fertility Center","3230 Eagle Park Drive NE, Suite ",,"Grand Rapids",MI,49525,616-988-2229
"Grand Rapids Fertility & IVF, P.C.","555 Midtowne NE, Suite 300",,"Grand Rapids",MI,49503,"616-774-2030, 8006955941 "
"East TN Fertility, IVF & Andrology Center","200 Blount Street, Suite301",,Knoxville,TN,37920,865-544-6757
"Women's Specialty Health Centers, P.C.","9660 East 146th Street","Suite 300",Noblesville,IN,46060,317-774-1200
"Family Beginnings, PC","7440 North Shadeland Avenue, Sui",,Indianapolis,IN,46250,317-595-3665
"Jarrett Fertility","9002 North Meridian Street","Suite 214",Indianapolis,IN,46260,317-575-6565
"Midwest Fertility Specialists","12188-A North Meridian","Suite 250",Carmel,IN,46032,317-571-1637
"American Health Network","10610 North Pennsylvania Street","Suite 100",Indianapolis,IN,46280,"317-580-4493, 1-877-222-6"
"Advanced Fertility Group","201 North Pennsylvania Parkway, ",,Indianapolis,IN,46280,317-817-1300
"Reproductive Care of Indiana","201 Pennsylvania Parkway, Suite ",,Indianapolis,IN,46280,317-817-1800
"Indiana University IVF Program","Department of Ob/Gyn","550 N. University Blvd., Room 24",Indianapolis,IN,46202,317-274-4875
"Reproductive Endocrinology Associates","2020 West 86th Street, Suite 310",,Indianapolis,IN,46260,317-872-1515
"University Ob/Gyn Associates","The Fertility Center","315 East Broadway, 1st Floor",Louisville,KY,40202,502-271-5999
"Servy Massey Fertility Institute","812 Chafee Avenue",,Augusta,GA,30904,706-724-0228
"MCG Reproductive Medicine & Infertility Associates","810 Chafee Street",,Augusta,GA,30904,706-722-9647
"Georgia Center for Reproductive Medicine","5354 Reynolds Street",,Savannah,GA,31405,912-352-8588
"Center for Reproductive Medicine & Fertility","The University of Chicago, Depar","5841 South Maryland Avenue, Room",Chicago,IL,60637,773-702-6642
"The Rinehart-Coulam Center","233 East Erie Street, Suite 500",,Chicago,IL,60611,847-869-7777
"Northwestern Medicine","Galter Pavilion ","675 N. Saint Clair, Suite 14-200",Chicago,IL,60611,
"Fertility Centers of Illinois - Chicago/River North IVF","900 North Kingsbury","Suite RW 6",Chicago,IL,60610,877-324-4483
"University of Illinois at Chicago (UIC)","1801 West Taylor Street, Suite 4",,Chicago,IL,60612,312-996-9820
"The IVF Institute","2500 Ridge Avenue, Suite 200",,Evanston,IL,60201,847-869-7777
"Fertility Centers of Illinois - Highland Park","767 Park Avenue West","Suite 190","Highland Park",IL,60035,877-324-4483
"Partners in Reproductive Health","16345 S. Harlem Avenue","Suite 100","Tinley Park",IL,60477,708-532-7017
"The Fertility Center of Chattanooga","7407 Ziegler Road ",,Chattanooga,TN,37421,423-899-0500
"Hinsdale Center for Reproduction","121 North Elm Street",,Hinsdale,IL,60521,630-856-3535
"Advanced Fertility Center of Chicago — Gurnee","30 Tower Court","Suite F",Gurnee,IL,60031,"(847) 662-1818"
"Reproductive Specialty Center","2350 N. Lake Drive, Suite 504",,Milwaukee,WI,53211,414-289-9668
"Advanced Institute of Fertility","2801 West Kinnickinnic River Par",,Milwaukee,WI,53215,414-645-5437
"Reproductive Medicine Institute","2425 West 22nd St, Suite102",,"Oak Brook",IL,60523,630-954-0054
"Midwest Fertility Center","4333 Main Street",,"Downers Grove",IL,60515,800-244-0212
"Reproductive Biology Associates ","1100 Johnson Ferry Road ","Suite 200, Building 2",Atlanta,GA,30342,404-257-1900
"Georgia Reproductive Specialists","5445 Meridian Mark Road","Suite 270",Atlanta,GA,30342,404-843-2229
"Aurora Fertility Services-West Allis Memorial Hospital","8901 West Lincoln Avenue, 2nd Fl",,"West Allis",WI,53227,414-329-4300
"Atlanta Center for Reproductive Medicine","1800 Howell Mill Road","Suite 675",Atlanta,GA,30318,404-435-0797
"Reena Jabamoni MDSC","1585 N Barrington Road, Suite 40",,"Hoffman Estates",IL,60194,630-843-7090
"Froedtert Medical College Reproductive Medicine Clinic","9200 West Wisconsin Avenue, PB 5",,Milwaukee,WI,53226,414-805-7376
"Reproductive Health Specialists","744 Essington Road",,Joliet,IL,60435,815-730-1100
"The Fertility Institute at Edward","120 Osler Drive",,Naperville,IL,60540,630-428-2229
IVF1,"636 Raymond Drive, Suite 303",,Naperville,IL,60563,630-357-6540
"Emory Healthcare","550 Peachtree Street","Suite 1800",Atlanta,GA,30308,404-778-3401
"Rush-Copley Center for Reproductive Health","2020 Ogden Avenue, Suite250",,Aurora,IL,60504,630-978-6254
"Women's Health Care, S C","721 American Avenue, Suite304",,Waukesha,WI,53188,262-549-2229
"The Women's Center at Aurora BayCare Medical Center","Reproductive Endocrinology and F","2845 Greenbrier Road, Suite 350","Green Bay",WI,54308,920-288-8500
"Advanced Fertility Group","1222 Professional Boulevard",,Evansville,IN,47714,812-469-4920
"Central Georgia Fertility Institute","4035 Elnora Drive",,Macon,GA,31210,478-757-7888
"Nashville Fertility Center. P.C.","345 23rd Avenue North, Suite 401",,Nashville,TN,37203,615-321-4740
"The Center for Reproductive Health","2410 Patterson Street","Suite 401",Nashville,TN,37203,
"Reproductive Health and Fertility Center","973 Featherstone Road, Suite 100",,Rockford,IL,61107,815-986-3737
"Generations Fertility Care","2365 Deming Way",,Middleton,WI,53562,
"Wisconsin Fertility Institute","3146 Deming Way",,Middleton,WI,53562,
"Jacksonville Center for Reproductive Medicine","7051 Southpoint Parkway, Suite 2",,Jacksonville,FL,32216,904-493-2229
"Assisted Fertility Program of North Florida","3627 University Boulevard South,",,Jacksonville,FL,32216,904-398-1473
"Florida Institute for Reproductive Medicine","836 Prudential Drive, Suite 902",,Jacksonville,FL,32207,904-399-5620
"Reproductive Endocrinology Associates","340 W. Miller St.",,Springfield,IL,62702,217-523-4700
"Alabama Fertility Specialists","2700 Highway 280, Suite 370 East",,Birmingham,AL,35223,205-874-0000
"University of Alabama at Birmingham","Division of REI, 343 Old Hillman","618 20th Street South",Birmingham,AL,35249,205-934-5708
"ART Fertility Program of Alabama","Women's Medical Plaza","2006 Brookwood Med Center Dr., S",Birmingham,AL,35209,205-870-0698
"University of Florida Reproductive Medicine","4037 NW 86th Terrace",,Gainesville,FL,32606,352-265-6200
"Washington University of St. Louis","4444 Forest Park Avenue","Suite 3100","St. Louis",MO,63108,314-286-2400
"Infertility & IVF Center","3009 N Ballas Road, Suite359C",,"Saint Louis",MO,63131,636-225-5483
"The Fertility Center at Missouri Baptist Medical Center","3009 North Ballas Road, Suite 25",,"Saint Louis",MO,63131,314-996-7900
"Infertility Center of St. Louis at St Luke's","224 S. Woods Mill Road, Suite730",,"Saint Louis",MO,63017,314-576-1400
"Center for Reproductive Medicine PA","3435 Pinehurst Avenue",,Orlando,FL,32804,407-740-0909
"UI Center for Advanced Reproductive Care","200 Hawkins Drive","Department of Ob/Gyn","Iowa City",IA,52242,319-356-8483
"Fertility and Reproductive Medicine Center for Women","95 Bulldog Boulevard, Suite 204",,Melbourne,FL,32901,321-724-4410
"The Reproductive Medicine Group","5245 East Fletcher Avenue",,Tampa,FL,33617,"877-266-2450 "
"University of South Florida IVF","2 Tampa General Circle",,Tampa,FL,33606,813-259-0962
"Center for Reproductive Medicine and Fertility","500 Keene Street, Suite 203",,Columbia,MO,65201,573-817-3101
"Mid-Missouri Reproductive Medicine and Surgery","1502 East Broadway, Suite 106",,Columbia,MO,65201,573-443-4511
"Reproductive Health Associates, P.A.","2919 Swann Avenue",,Tampa,FL,33609,727-572-5300
"Reproductive Medicine & Infertility Associates","Woodbury Medical Arts Building","2101 Woodwinds Drive",Woodbury,MN,55125,651-222-6050
"Mayo Clinic-Assisted Reproductive Technologies","200 First Street SW","Charlton 3A",Rochester,MN,55057,507-284-4520
"Advanced Reproductive Care Center","10301 Hagen Ranch Road",,"Boynton Beach",FL,33437,561-736-6006
"University of Minnesota Physicians","Reproductive Medicine Center","606 24th Ave S, Suite 500",Minneapolis,MN,55454,612-627-4564
"Center for Reproductive Medicine","2828 Chicago Avenue","Suite 400",Minneapolis,MN,55407,612-863-5390
"Palm Beach Fertility Center","9291 Glades Road, Suite 202",,"Boca Raton",FL,33434,561-477-7728
"New Leaders in Fertility & Endocrinology, LLC","4400 Bayou Boulevard, Suite 36",,Pensacola,FL,32504,850-857-3733
"Boca Fertility","875 Meadows Road, Suite334",,"Boca Raton",FL,33486,561-368-5500
"Midwest Center for Reproductive Health","Arbor Lakes Medical Building","12000 Elm Creek Boulevard North,","Maple Grove",MN,55369,763-494-7700
"Fertility Center and Applied Genetics of Florida, Inc","6050 Cattlebridge Blvd.","Suite 103",Sarasota,FL,34232,941-342-1568
"IVF Florida","2960 North SR 7, Suite 300",,Margate,FL,33063,954-247-6200
"Mid-Iowa Fertility","1371 NW 121st Street",,Clive,IA,50325,515-222-3060
"Fertility & Genetics","201 North Pine Island Road",,Plantation,FL,33324,954-584-2273
"Florida Institute for Reproductive Sciences and Technologies","Weston Regional Healthpark","2300 North Commerce Parkway, Sui",Weston,FL,33326,954-217-3456
"University of South Alabama","Department of Ob/Gyn/Gyn","1610 Center Street, Suite C",Mobile,AL,36604,251-415-8602
"Center for Reproductive Medicine","3 Mobile Infirmary Cr, Suite 213",,Mobile,AL,36607,251-438-4200
"Specialists in Reproductive Medicine","12611 World Plaza Lane, Bldg. 53",,"Fort Myers",FL,33907,239-275-8118
"Southwest Florida Fertility Center, P.A.","15730 New Hampshire Ct","Suite 101","Fort Myers",FL,33908,239-561-3430
"UHealth Fertility Center, University of Miami","1400 N W 12th Avenue","Suite 5",Miami,FL,33136,305-325-5757
"IVFMD/ South Florida Institute for Reproductive Medicine","7300 SW 62nd Place","4th Floor",Miami,FL,33143,866-483-6366
"Fertility & IVF Center of Miami","8950 N. Kendall Drive","Suite 103",Miami,FL,33176,"(305) 596-4013"
"University of Mississippi Med Center","IVF Program; Department. of Ob/G","2500 North State Street","Jackson ",MS,39216,601-984-5330
"Arkansas Fertility Center","9101 Kanis Road, Suite 300",,"Little Rock",AR,72205,501-801-1200
"Midwest Women's Healthcare","6400 Prospect, Suite 598",,"Kansas City",MO,64132,816-444-6888
"Women's Reproductive Center","University of Kansas Medical Cen","3901 Rainbow Boulevard, MS 2028","Kansas City",KS,66160,913-588-3234
"Reproductive Medicine and Infertility","Shawnee Mission Medical Center","8800 West 75th Street, Suite 101","Shawnee Mission",KS,66204,913-432-71161
"Reproductive Resource Center","12200 W. 106th Street","Suite 120","Overland Park",KS,66215,913-894-2323
"Midwest Reproductive Center, PA","20375 West 151st Street","Suite 403",Olathe,KS,66061,913-780-4300
"The Fertility Institute of New Orleans","800 N. Causeway Blvd",2C,Mandeville,LA,70448,"(985) 892-7621"
"Nebraska Methodist Hospital","Reproductive Endocrinology & Inf","8111 Dodge Street, Suite237",Omaha,NE,68114,402-354-5210
"Heartland Center for Reproductive Medicine, P.C.","7308 South 142nd Street",,Omaha,NE,68138,402-717-4200
"Audubon Fertility & Reproductive Medicine","4321 Magnolia Street",,"New Orleans",LA,70115,504-891-1390
"Sanford Health Fertility and Reproductive Medicine","1500 West 22nd Street","Suite 102","Sioux Falls",SD,57105,"(605) 328-8800"
"A Woman's Center for Reproductive Medicine","Rue de la Vie","Suite 510","Baton Rouge",LA,70817,225-926-6886
"Reproductive Medicine Institute-MeritCare Health Systems","1111 Harwood Drive South",,Fargo,ND,58104,701-234-2700
"Tulsa Fertility Center","115 East 15th Street",,Tulsa,OK,74119,918-584.2870
"ArkLaTex Fertility Center","2401 Greenwood Rd. Ste A",,Shreveport,LA,71103,
"Fertility and Women's Health Center of Louisiana","206 E Farrel Rd, Suite 206",,Lafayette,LA,70508,337-989-8795
"Center for Reproductive Medicine","9300 East 29th Street North, Sui",,Wichita,KS,67226,316-687-2112
"Center for Reproductive Health","1000 N. Lincoln Boulevard, Suite",,"Oklahoma City",OK,73104,405-271-9200
"INTEGRIS Bennett Fertility Institute","3433 NW 56th Street, Suite 200B",,"Oklahoma City",OK,73112,"(405) 949-6060"
"Texas Presbyterian - ARTS","6130 West Parker Road","Suite 215",Plano,TX,75093,972-981-7800
"Dallas IVF","6124 West Parker Road, Suite 334",,Plano,TX,75093,972-981-8700
"Fertility Specialists of Texas-Dallas","8230 Walnut Hill Lane, Suite 512",,Dallas,TX,75231,214-750-5500
"Dallas-Fort Worth Fertility Associates","5477 Glen Lakes Drive",,Dallas,TX,75231,214-363-5965
"Reproductive Medicine Associates","4325 N Josey Lane, Suite 111",,Carrollton,TX,75010,972-394-3699
"Texas Fertility, P.A.","4323 North Josey Lane","Plaza I Suite 201",Carrollton,TX,75010,972-394-9590
"Sher Institute for Reproductive Medicine-Dallas","7777 Forest Lane, Suite C-638",,Dallas,TX,75230,972-566-6686
"The Texas Center for Reproductive Health","3600 Gaston Avenue, Suite 504",,Dallas,TX,75246,214-821-2274
"Repromed Fertility Center","3800 San Jacinto Street",,Dallas,TX,75204,214-827-8777
IVFMD,"7501 Las Colinas Boulevard",,Irving,TX,75063,972-506-9986
"The Women's Place","950 Scotland Drive",,DeSoto,TX,75115,972-709-9777
"Center for Assisted Reproduction","1701 Park Place Avenue",,Bedford,TX,76022,817-540-1157
"Fort Worth Fertility","1800 Mistletoe Blvd",,"Fort Worth",TX,76104,817-348-8145
"North Houston Center for Reproductive Medicine","530 Wells Fargo Dr., Suite 116",,"Houston ",TX,77090,281-444-4784
"University Fertility Center- UTMB","1804 FM 646 West, Suite N",,Dickinson,TX,77539,409-772-3985
"Houston Fertility Institute","13215 Dotson","Suite 100","Houston ",TX,77070,832-237-1434
"The Women's Specialists of Houston","St Luke's Medical Tower","6624 Fannin, Suite 1800","Houston ",TX,77030,713-425-3783
"Houston Fertility Specialists","7900 Fannin Street","Houston Medical Center",Houston,TX,77054,713-512-7900
"Houston Fertility Center","9055 Katy Freeway, Suite 450",,"Houston ",TX,77024,713-862-6181
"Houston IVF","929 Gessner Road","Suite 2300",Houston,TX,77024,713-465-1211
"Cooper Institute for Advanced Reproductive Medicine","7500 Beechnut, Suite 308",,"Houston ",TX,77074,713-771-9771
"The Advanced Fertility Center of Texas","11301 Fallbrook Drive","Ste 202","Houston ",TX,77065,713-467-4488
"Texas Fertility Center","6500 N MoPac","Building 1, Suite 1200",Austin,TX,78731,512-451-0149
"Austin Fertility Center","805 East 32nd Street",,Austin,TX,78705,
"Reproductive Medicine Associates of Texas","19296 Stone Oak Parkway",,"San Antonio",TX,78258,210.337.8453
"Advanced Fertility Center-Institute for Women's Health","502 Madison Oak Drive, Suite 220",,"San Antonio",TX,78258,210-616-0680
"Fertility Concepts","4499 Medical Drive, Suite 380",,"San Antonio",TX,78229,210-614-3303
"UT Medicine Fertility Center","8300 Floyd Curl Drive",,"San Antonio",TX,78229,210-567-4930
"Fertility Center of San Antonio","4499 Medical Drive","Suite 200","San Antonio",TX,78229,
"Wilford Hall Medical Center","59th MDW/MMNO","2200 Bergquist Drive, Suite 1","Lackland AFB",TX,78236,210-292-4016
"Centre for Reproductive Medicine","3405 22nd Street, Suite 300",,Lubbock,TX,79410,806-788-1212
"Rocky Mountain Center for Reproductive. Med.","1080 East Elizabeth",,"Fort Collins",CO,80524,970-493-6353
"Advanced Reproductive Medicine- University of Colorado","Stapleton Clinic","3055 Roslyn St.",Denver,CO,80238,"(720) 325-5931"
"Colorado Reproductive Endocrinology","4600 E Hale Parkway, Suite350",,Denver,CO,80220,303-321-7115
"Colorado Center for Reproductive Medicine","10290 RidgeGate Circle",,"Lone Tree",CO,80124,303-788-8300
"Center for Reproductive Medicine of New Mexico","201 Cedar Street","Suite S1-20",Albuquerque,NM,87106,"(505) 247-3333"
"Southwest Center for Reproductive Health","799 South Mesa Hills",,"El Paso",TX,79912,915-842-9998
"New York Fertility Services","16 East 40th Street","2nd Floor","New York",NY,10016,"212-679-2289 "
"Reproductive Care Center","10150 South Petunia Way",,Sandy,UT,84092,801-878-8888
"Reproductive Health Center","4518 E. Camp Lowell Drive",,Tucson,AZ,85712,
"Arizona Center for Reproductive Endocrinology and Infertility","5190 East Farness","Suite 114",Tucson,AZ,85712,520-326-0001
"Arizona Associates for Reproductive Health","8573 East Princess Drive","Suite 101",Scottsdale,AZ,85255,480-946-9900
"Arizona Center for Fertility Studies","8997 E. Desert Cove Ave.","2nd Floor",Scottsdale,AZ,85260,480-630-0212
"Advanced Fertility Care, PLLC","9819 North 95th Street","Suite 105",Scottsdale,AZ,85258,480-874-2229
"Southwest Fertility Center","3125 N 32nd Street",#200,Phoenix,AZ,85018,
"Fertility Treatment Center","2155 East Conference Drive","Suite 115",Tempe,AZ,85284,480-831-2445
"Arizona Reproductive Medicine Specialists","1701 East Thomas Road","Suite 101",Phoenix,AZ,85016,602-343-2767
"Idaho Center for Reproductive Medicine","111 Main Street","Suite 100",Boise,ID,83702,208-342-5900
"West Valley Fertility Center","17612 North 59th Avenue","Suite 100",Glendale,AZ,85308,602-993-8636
"The Center for Reproductive Health","508 W. 6th Ave","Box 7, Ste. 500",Spokane,WA,99204,509-462-7070
"Nevada Fertility CARES","653 Town Center Drive","Suite 206","Las Vegas",NV,89144,702-341-6616
"Fertility Center of Las Vegas","8851 W. Sahara Avenue, Suite 100",,"Las Vegas",NV,89117,702-254-1777
"Seattle Reproductive Medicine","12333 NE 130th Lane","Suite 220",Kirkland,WA,98034,"(888) 599-5090"
"Eastside Fertility Laboratory","1370 116th Avenue NE","Ste. 100/202",Bellevue,WA,98004,425-462-6100
"Overlake Reproductive Health, Inc.","1135 116th Avenue Northeast","Suite 640",Bellevue,WA,98004,425-646-4700
"Pacific NW Fertility and IVF Specialists","1101 Madison Street","Suite 1050",Seattle,WA,98104,206-515-0000
"Seattle Reproductive Medicine","1505 Westlake Avenue North","Suite 400",Seattle,WA,98109,877-777-6002
"Nevada Center for Reproductive Medicine","645 Sierra Rose Drive","Suite 205",Reno,NV,89511,775-828-1200
"Madigan Army Medical Center","Department of Ob/Gyn","9040 A Fitzsimons Drive",Tacoma,WA,98431,253-968-2781
"Loma Linda University","11370 Anderson St",#3950,"Loma Linda",CA,92354,909-558-2851
"GYFT Clinic","502 South M Street","Suite 200",Tacoma,WA,98405,253-475-5433
"Olympia Women's Health","403 Black Hills Lane SW","Suite E",Olympia,WA,98502,360-786-1515
"San Diego Fertility Center","11515 El Camino Real",#100,"San Diego",CA,92130,858-794-6363
"Fertility Specialists Medical Group","8010 Frost Street","Plaza Level","San Diego",CA,92123,858-505-5500
"IGO Medical Group of San Diego","9339 Genesee Ave",#220,"San Diego",CA,92121,858-455-7520
"Oregon Reproductive Medicine","2222 NW Lovejoy",#304,Portland,OR,97210,503-274-4994
"Northwest Fertility Center","1750 SW Harbor Way",#200,Portland,OR,97201,503-227-7799
"OHSU Fertility","3303 SW Bond Avenue","10th Floor",Portland,OR,97239,503-418-4500
"Reproductive Sciences Center","4150 Regents Park Row","Suite 280","La Jolla",CA,92037,877-596-5105
"Scripps Clinic IVF Center","10666 N. Torrey Pines Road",,"La Jolla",CA,92037,858-554-8630
"Reproductive Partners Medical Group -UCSD","9850 Genesee Avenue","Suite 800","La Jolla",CA,92037,858-552-9177
"HRC Fertility ","23961 Calle de la Magdalena","Suite 503","Laguna Hills",CA,92653,"866-472-4483 Toll Free, 9"
"Fertility Center of Southern California","2192 Martin Street","Suite 110",Irvine,CA,92612,949-955-0072
"Coastal Fertility Medical Center","15500 Sand Canyon Ave, Ste. 100",,Irvine,CA,92618,949-726-0600
"Garfield Fertility Center","320 South Garfield Avenue","Suite 226",Alhambra,CA,91801,626-943-9536
"Newport Fertility Center","20072 SW Birch Street","Suite 230","Newport Beach",CA,92660,949-222-1290
"Reproductive Specialty Medical Center","1441 Avocado Avenue",#203,"Newport Beach",CA,92660,949-640-7200
"West Coast Fertility Centers","11160 Warner Avenue",#411,"Fountain Valley",CA,92708,714-513-1399
"Reproductive Partners-Westminster","13950 Milton Ave","Suite 100",Westminster,CA,92683,714-702-3000
"Southern California Center for Reproductive Medicine: Newport Beach, California","361 Hospital Road","Suite 333","Newport Beach",CA,92663,949-642-8727
"West Coast IVF Clinic, Inc.","9730 Wilshire Boulevard","Suite 211","Beverly Hills",CA,90202,310-285-2049
"USC Fertility","1127 Wilshire Blvd","Suite 1400","Los Angeles",CA,90017,213-975-9990
"Central California IVF-Women's Specialty & Fertility Center","722 East Medical Center Drive","Suite 105",Clovis,CA,93611,559-299-7700
"CHA Fertility Center","5455 Wilshire Boulevard","Suite 1904","Los Angeles",CA,90036,323-525-3377
"Cedars-Sinai Medical Center","8700 Beverly Blvd","Suite 3611","Los Angeles",CA,90048,310-423-9964
"UCLA Fertility Center","200 Medical Plaza","Suite 430","Los Angeles",CA,90095,310-825-9500
"Center for Reproductive Health & Gynecology - Beverly Hills","99 North La Cienega Boulevard","Suite 109","Beverly Hills",CA,90211,310-360-7584
"The Valley Center for Reproductive Health","13320 Riverside Drive",#220,"Sherman Oaks",CA,91423,818-986-1648
"Southern California Reproductive Center","450 N. Roxbury Dr.","Suite 500","Beverly Hills",CA,90210,310-277-2393
"The Fertility Institutes-California, Nevada","16030 Ventura Boulevard","Suite 404",Encino,CA,91436,818-728-4600
"Pacific Fertility Center-Los Angeles","10921 Wilshire Boulevard","Suite 700","Los Angeles",CA,90024,310-209-7700
"California Fertility Partners","11818 Wilshire Boulevard","Suite 300","Los Angeles",CA,90025,310-828-4008
"Tree of Life Center","18370 Burbank Boulevard","Suite 514",Tarzana,CA,91356,818-344-8522
"Center for Fertility and Gynecology","18370 Burbank Boulevard",#301,Tarzana,CA,91356,818-881-9800
"Pacific Reproductive Center","3720 Lomita Boulevard","Suite 200",Torrance,CA,90505,866-423-2645
"Reproductive Partners Medical Group-Redondo Beach","510 North Prosect","Suite 202","Redondo Beach",CA,90277,310-318-3010
"Parker,Rosenman, Rodi Gyn Inf Med Grp","1450 Tenth Street",#404,"Santa Monica",CA,90401,310-451-8144
"Fertility & Surgical Associates of California","325 Rolling Oaks Drive","Suite 110","Thousand Oaks",CA,91361,805-778-1122
"Northern California Fertility Medical Center","1130 Conroy Lane","Suite 100",Roseville,CA,95661,916-773-2229
"Kaiser Permanente Center for Reproductive Health Sacramento","1650 Response Road","Suite 1A",Sacramento,CA,95815,916-614-5200
"UC Davis ART Program","2521 Stockton Boulevard","Suite 4200",Sacramento,CA,95817,916-734-6106
"Alex Steinleitner, M.D., Inc","35 Casa Street","Suite 260","San Luis Obispo",CA,93405,805-543-2228
"Reproductive Science Center","3160 Crow Canyon Rd","Ste 150","San Ramon",CA,94583,
"The Kaiser Permanente Center for Reproductive Health","39141 Civic Center Drive","Suite 350",Fremont,CA,94538,510-248-6900
"Fertility Physicians of Northern California","2581 Samaritan Drive","Suite 302","San Jose",CA,95124,
"Alta Bates IVF Program","2999 Regent Street",#101-A,Berkeley,CA,94705,510-649-0440
"NOVA In Vitro Fertilization","2500 Hospital Drive","Building 7","Mountain View",CA,94040,650-325-6682
"Stanford Medicine Fertility and Reproductive Health","900 Welch Road","Suite 350","Palo Alto",CA,94304,650-498-7911
"Advanced Fertility Associates Medical Group Inc","1111 Sonoma Avenue","Suite 214","Santa Rosa",CA,95405,707-575-5831
"Pacific Fertility Center","55 Francisco Street","Suite 500","San Francisco",CA,94133,888-834-3095
"Palo Alto Medical Foundation Fertility Physicians of Northern California ","795 El Camino Real",,"Palo Alto",CA,94301,650-853-2200
"Laurel Fertility Care","1700 California Street","Suite 570","San Francisco",CA,94109,415-673-9199
"UCSF Center for Reproductive Health","2356 Sutter Street","7th Floor","San Francisco",CA,94115,"(415) 353-7475 "
"Fertility and Gynecology Center","9833 Blue Larkspur Lane",,Monterey,CA,93940,831-649-4483
"Zouves Fertility Center","1241 E. Hillsdale Blvd.","Suite 100","Foster City",CA,94404,800-800-1160
"Hawaii Center for Reproductive Medicine & Surgery","642 Ulukahiki Street","Suite 300",Kailua,HI,96734,808-261-4166
"Pacific IVF Institute","1319 Punahou Street",#980,Honolulu,HI,96826,808-946-2226
"Advanced Reproductive Center of Hawaii","1319 Punahou Street","Suite 510",Honolulu,HI,96826,808-949-6611
"Tripler Army Medical Center","1 Jarrett White Road",,Honolulu,HI,96859,808-433-6845
"Michigan Center for Fertility and Women's Health PLC","4700 13 Mile Road",,Warren,MI,48092,586-576-0431
"Southeastern Fertility Center","11126 Kingston Pike",,Knoxville,TN,37934,865-777-0088
"The Fertility Center of Colorado","6160 Tutt Boulevard","Suite 210","Colorado Springs",CO,80923,719-636-0080
"Sher Institutes for Reproductive Medicine - Central Illinois","5401 North Knoxville","Suite 110",Peoria,IL,61614,309-689-0411
"Sher Institutes for Reproductive Medicine - Greater Lehigh Valley","201 Strykers Rd.","Suite 4",Phillipsburg,NJ,8865,888-591-2229
"SHER Institutes for Reproductive Medicine - Las Vegas","5320 S. Rainbow Blvd.","Suite 300","Las Vegas",NV,89118,702-892-9696
"Sher Institutes for Reproductive Medicine -  Los Angeles (Glendale)","1520 E. Chevy Chase Dr.","Suite 101",Glendale,CA,91206,818-291-1985
"Sher Institutes for Reproductive Medicine -  Los Angeles (Inland Empire)","2140 Grand Ave. ","Suite 230 ","Chino Hills",CA,91709,909-548-0810
"Sher Institutes for Reproductive Medicine -  New York","425 Fifth Avenue",,"New York",NY,10016,646-792-7476
"Sher Institutes for Reproductive Medicine -  Westchester","3020 Westchester Ave.","Suite 304",Purchase,NY,10577,914-696-7476
"Sher Institutes for Reproductive Medicine -  Sacramento","2288 Auburn Blvd.","Suite 204",Sacramento,CA,95821,"916- 568-2125"
"Sher Institutes for Reproductive Medicine -  Pleasanton","5720 Stoneridge Mall Rd.","Corner of Laurel Creek Way and F",Pleasanton,CA,94588,925-251-0592
"SHER Institutes for Reproductive Medicine -  St. Louis","456 N. New Ballas Rd.","Suite 101","Creve Coeur",MO,63141,314-983-9000
"Shady Grove Fertility Center ","200 Medical Parkway","Suite 308",Annapolis,MD,21401,"410-244-5500, 1-888-761-1"
"Shady Grove Fertility Center ","201 Plumtree Road","Suite 201","Bel Air",MD,21015,"410-569-0545, 1-888-761-1"
"Shady Grove Fertility Center ","10630 Little Patuxent Parkway","Century Plaza Building 1000",Columbia,MD,21044,"410-997-6999, 1-888-761-1"
"Shady Grove Fertility Center ","10845 Town Center Boulevard",,Dunkirk,MD,20754,"1-888-761-1967, 410224550"
"Shady Grove Fertility Center ","145 East Carroll Street","Suites 101-102",Salisbury,MD,21801,"1-888-761-1967, 410219116"
"Shady Grove Fertility Center ","3299 Woodburn Road","Suite 480 ",Annandale,VA,22003,"1-888-761-1967, 703-876-0"
"Shady Grove Fertility Center","45 Thomas Jefferson Drive","Patriot Medical Center, St. 107",Frederick,MD,21702,301-631-1180
"Shady Grove Fertility Center","19500 Sandridge Way","Suite 280",Leesburg,VA,20176,"703-723-1757, 1-888-761-1"
"Shady Grove Fertility Center ","5215 Loughboro Rd NW","Suite 410",Washington,DC,20016,"202-677-4720, 1-888-761-1"
"Shady Grove Fertility Center ","3010 Crain Highway","Suite 201",Waldorf,MD,20601,"301-705-9923, 1-888-761-1"
"Shady Grove Fertility Center ","2021 K Street, NW","Suite 701",Washington,DC,20006,"202-296-2595, 1-888-761-1"
"Shady Grove Fertility Center ","4001 Prince William Parkway","Suite 301",Woodbridge,VA,22192,"703-680-1770, 1-888-761-1"
"Reproductive Gynecology, Inc. - Canton","2600 West Tuscarawas","Suite 560",Canton,OH,44708,866-537-2458
"IVF Michigan - Ann Arbor/Ypsilanti","3145 Clark Rd.","Suite 301","Ann Arbor",MI,48197,734-434-4766
"IVF Michigan - Flint","2 Hurley Plaza","Suite 209",Flint,MI,48503,810-257-9714
"IVF Michigan - Brighton","2300 Genoa Business Park","Suite 180",Brighton,MI,48114,810-225-3390
"IVF Michigan - Dearborn","5728 Schaefer Rd.","Suite 203",Dearborn,MI,48126,313-582-4333
"IVF Michigan - Saginaw","5400 Mackinaw Road","Suite 4100",Saginaw,MI,48604,
"IVF Michigan - Toledo","6711 Monroe Street","Bldg. 3, Suite A",Toledo,OH,43560,419-885-8080
"Reproductive Biology Associates ","1267 Highway 54 West","Suite 3200",Fayetteville,GA,30214,678-366-2154.
"Reproductive Biology Associates","1800 Northside Forsyth Drive","Suite 300",Cumming,GA,30060,678-366-2154
"Reproductive Biology Associates ","500 Medical Center Boulevard","Suite 330",Lawrenceville,GA,30046,770-277-3361
"Assisted Fertility Program - Orange Park, FL","1681 Eagle Harbor Parkway",,"Orange Park",FL,32003,904-278-6837
"Assisted Fertility Program - Salem, VA","1930 Braeburn Circle ",,Salem,VA,24153,540-772-3220
"The Reproductive Medicine Group - South Tampa","2919 Swann Avenue","Suite 305",Tampa,FL,33609,877-266-2450
"The Reproductive Medicine Group - Clearwater","3165 McMullen Booth Road","Bldg. F, Suite 2",Clearwater,FL,33761,"727-724-0702, 877-266-245"
"The Reproductive Medicine Group - Brandon","612 Medical Care Drive",,Brandon,FL,33511,"813-661-9114, 877-266-245"
"Sher Institutes for Reproductive Medicine -  San Diego","8899 University Center Lane","Suite 100","San Diego",CA,92122,858-455-6100
"Fertility Centers of New England, LLC - Dedham","333 Elm Street","Suite 305",Dedham,MA,2026,1-877-FCNE-IVF
"Fertility Centers of New England, LLC - Bedford","169 South River Road","Suite 11",Bedford,NH,3110,1-877-FCNE-IVF
"Fertility Centers of New England, LLC - Portsmouth","875 Greenland Road, Building C, ",,Portsmouth,NH,3801,1-877-FCNE-IVF
"Fertility Centers of New England, LLC - Westborough","33 Lyman Street","Suite 302",Westborough,MA,1581,1-877-FCNE-IVF
"Fertility Centers of New England, LLC - Danvers","480 Maple Street",,Danvers,MA,1923,1-877-FCNE-IVF
"Fertility Centers of Illinois - Buffalo Grove","135 N. Arlington Heights Rd","Suite 195","Buffalo Grove",IL,60089,877-324-4483
"Fertility Centers of Illinois - Crystal Lake","5911 Northwest Highway, Ste 105",,"Crystal Lake",IL,60014,"8153567034 "
"Fertility Centers of Illinois - Glenview","3703 W. Lake Avenue","Suite 106",Glenview,IL,60026,877-324-4483
"Fertility Centers of Illinois - Hoffman Estates","2260 W. Higgins Rd Ste 200",,"Hoffman Estates",IL,60169,847.843.1510
"Fertility Centers of Illinois - Lindenhurst","Emerald Square","2592 W. Grand Ave Ste 208",Lindenhurst,IL,60046,877-324-4483
"Fertility Centers of Illinois - Warrenville","28373 Davis Pkwy Ste 502",,Warrenville,IL,60555,630/305-7576
"Fertility Centers of Illinois - Oakbrook Terrace","1S224 Summit Ave Ste 302",,"Oakbrook Terrace",IL,60181,"6308897900 "
"Fertility Centers of Illinois - Tinley Park","18210 South La Grange Road","Suite 111","Tinley Park",IL,60487,708/633-1999
"Michigan Infertility Center","189 Townsend Street",#200,Birmingham,MI,48009,
"UI Center for Advanced Reproductive Care - Quad Cities ","3385 Dexter Court","Suite 110, Building 3",Davenport,IA,52807,563-355-2244
"Reproductive Medicine Associates of New York- Westchester","15 North Broadway","Garden Level, Suite G","White Plains",NY,10601,914-997-6200
"Reproductive Medicine Associates of New York- Garden City, Long Island","400 Garden City Plaza","Suite 107","Garden City",NY,11530,516-746-3633
"Southwest Fertility Center for Men","610 Broadway Blvd NE",,Albuquerque,NM,87102,505-400-0876
"Houston Fertility Institute","610 Lawrence Street",,Tomball,TX,77375,281-357-1881
"Houston Fertility Institute","2500 Fondren","Suite 350",Houston,TX,77063,713-490-2527
"Houston Fertility Institute","16545 Southwest Freeway","Suite 275","Sugar Land",TX,77479,281-242-3434
"Houston Fertility Institute","23920 Katy Freeway","Suite 340",Katy,TX,77494,281-693-2434
"Houston Fertility Institute","6400 Fannin","Suite 2000",Houston,TX,77030,"713-796-1434 "
"Piedmont Reproductive Endocrinology Group ","1330 Boiling Springs Road","Suite 2200",Spartanburg,SC,29303,864-583-2669
"Piedmont Reproductive Endocrinology Group ","123 Hendersonville Rd","Building 3 Lower Level",Asheville,NC,28803,828-210-8284
"Scott Department of Urology - Baylor College of Medicine","Scurlock Tower","6560 Fannin Street, Suite 2100",Houston,TX,77030,713-798-6163
"Center for Male Reproductive Medicine and Microsurgery","The New York Hospital - Cornell ","525 E. 68th Street","New York",NY,10065,
"Houston Fertility Institute","9200 Pinecroft","Suite 480","The Woodlands",TX,77380,281-681-0480
"MCG Reproductive Medicine & Infertility Associates","618 Ponder Place","Suite 2",Evans,GA,30809,
"Houston Fertility Specialists","4724 Sweetwater Boulevard","Suite 105 ","Sugar Land",TX,77479,713-512-7900
"Houston Fertility Specialists","251 Medical Center Boulevard",,Webster,TX,77598,"713-578-3880 "
"Houston Fertility Specialists","23920 Katy Freeway","Medical Plaza One",Katy,TX,77494,713-512-7900
"East Bay Fertility Center","4000 Dublin Boulevard","Suite 330",Dublin,CA,94568,
"Palo Alto Medical Foundation Fertility Physicians of Northern California ","2581 Samaritan Drive",,"San Jose",CA,95124,800.597.2234
"Colorado Center for Reproductive Medicine","4600 Hale Parkway","Suite 490",Denver,CO,80220,303-355-2555
"Reproductive Partners Medical Group- Los Angeles Beverly Hills","6330 San Vicente Blvd","Suite 408","Los Angeles",CA,90048,310-888-2229
"Reproductive Partners Medical Group- San Luis Obispo","35 Casa Street",#260,"San Luis Obispo",CA,93405,805-543-2228
"Reproductive Medicine & Fertility Center","265 Parkside Drive","Suite 200","Colorado Springs",CO,80910,719-475-2229
"Reproductive Medicine & Fertility Center","2701 Frontier NE Surge #240",,Albuquerque,NM,87106,505-272-3915
"Gago Center for Fertility","2305 Genoa Business Park Drive","Suite 180",Brighton,MI,48114,
"IVF New Jersey","495 Iron Bridge Road","Suite 10 (2nd Floor)",Freehold,NJ,7728,732-577-6500
"IVF New Jersey","3379 Quakerbridge Road","Suite 105","Hamilton Township",NJ,8619,609-799-5666
"IVF New Jersey","112 W. 34th Street",,"New York",NY,10120,800-483-6544
"IVF New Jersey","636 Morris Turnpike","Suite 2D","Short Hills ",NJ,7078,973-258-4081
"Center for Applied Reproductive Science- Asheville ","445 Biltmore Avenue, Suite 501 ",,Asheville,NC,28801,
"South Jersey Fertility Center","570 Egg Harbor Road","Suite B4",Sewell,NJ,8080,856-218-8863
"South Jersey Fertility Center","2500 English Creek Road, #225",,"Egg Harbor Twp.",NJ,8234,609-813-2192
"Thie M.D.","4430 Carver Woods Drive","Suite 125",Cincinnati,OH,45242,
"Conceptions Reproductive Associates of Colorado","300 Exempla Circle",#370,Lafayette,CO,80026,303-449-1084
"Conceptions Reproductive Associates of Colorado","271 West County Line Road",,Littleton,CO,80129,"303-794-0045 "
"University of Arkansas for Medical Sciences","5800 West 10th Street","Suite 7-400","Little Rock",AR,72204,
"Bluegrass Fertility Center","2801 Palumbo Drive","Suite 101",Lexington,KY,40509,
"East Coast Fertility - Manhasset","2110 Northern Boulevard","Suite 202",Manhasset,NY,11030,
"East Coast Fertility - Mt. Sinai","701A Route 25A","Suite A3","Mount Sinai",NY,11766,
"East Coast Fertility - West Islip","500 Montauk Highway","Suite A","West Islip",NY,11795,
"East Coast Fertility - Patchogue","100 Hospital Road","Suite 202","East Patchogue",NY,11772,
"East Coast Fertility - Brooklyn","1725 East 12th Street","Suite 401",Brooklyn,NY,11229,
"East Coast Fertility - Forest Hills","108-48 70th Road","Suite 2F","Forest Hills",NY,11375,
"East Coast Fertility - Stony Brook","2233 Nesconset Highway","Suite 107","Lake Grove",NY,11755,
"East Coast Fertility - Hewlett","1175 West Broadway","Suite 24",Hewlett,NY,11557,
"Institute for Human Reproduction (IHR)","409 W. Huron St. Suite 500",,Chicago,IL,60654,"312-288-6420 "
"Red Rock Fertility Center","6420 Medical Center Street","Suite 100","Las Vegas",NV,89148,702-948-7778
"Genetics & IVF Institute","11300 Rockville Pike","Suite 612","North Bethesda",MD,20852,"800-552-4363, 3013578866 "
"Fertility Center of the Carolinas - Greenville","890 W. Faris Road, Suite 470",,Greenville,SC,29605,
"Fertility Center of the Carolinas - Spartanburg","One Doctor's Park Drive",,Spartanburg,SC,29307,
"Fertility Center of the Carolinas - Anderson","2000 East Greenville street","Suite 4500",Anderson,SC,29621,
"Center for Reproductive Health & Gynecology - Valencia","23861 McBean Parkway","Suite D-14",Valencia,CA,91355,
"Center for Reproductive Health & Gynecology - Burbank","2625 W. Alameda Avenue","Suite 311",Burbank,CA,91505,
"Center of Reproductive Medicine (CORM)","3560 Delaware Street","Suite 402",Beaumont,TX,77706,1-888-990-2727
"Center of Reproductive Medicine (CORM)","3701 Kirby Drive","Suite 840",Houston,TX,77098,281-332-0073
"IVF New England at Blue Hills Medical Center","340 Wood Road, Suite 304,",,Braintree,MA,2184,
"IVF New England at Milford Regional Medical Center","14 Prospect Street",,Milford,MA,1757,
"IVF New England- Gloucester","298 Washington Street, 4th Floor","4th Floor",Gloucester,MA,1930,
"IVF New England-Westborough","4 Bellows Road","Suite B",Westborough,MA,1581,
"IVF New England-Bedford","18 Constitution Drive, Suite 2",,Bedford,NH,3110,
"IVF New England -Providence","148 West River Street, Suite 5A",,Providence,RI,2904,
"Center for Reproductive Health","770 University Court, Suite 3000",,"West Chester",OH,45069,513-475-7977
"IVF Florida Reproductive Associates","600 Heritage Drive, Suite 200",,Jupiter,FL,33458,
"IVF Florida Reproductive Associates","400 N. Hiatus Road, Suite 205",,"Pembroke Pines",FL,33026,
"IVFMD/South Florida Institute for Reproductive Medicine","1 SW 129th Avenue","Suite 205A","Pembroke Pines",FL,33027,866-483-6366
"IVFMD/South Florida Institute for Reproductive Medicine","1280 Creekside Street","Suite 105",Naples,FL,34108,866-483-6366
"IVFMD/South Florida Institute for Reproductive Medicine","345 Jupiter Lakes Blvd.","Suite 102",Jupiter,FL,33458,"561-972-6900 "
"Greenwich Fertility & IVF Center","55 Holly Hill Lane Suite 270",,Greenwich,CT,6830,"(203) 863-2990"
"Southern California Reproductive Center","2320 Bath Street","Suite 207","Santa Barbara",CA,93105,805-569-1950
"Southern California Reproductive Center","4080 Loma Vista Road","Suite P",Ventura,CA,93003,805-658-9112
"Southern California Reproductive Center","27871 Smyth Drive","Suite 102",Valencia,CA,91355,661-253-3633
"Southern California Reproductive Center","2001 Santa Monica Blvd.","Suite 770W","Santa Monica",CA,90404,310-829-4781
"Southern California Reproductive Center","44105 N 15th St. West","Suite 304",Lancaster,CA,93534,800-600-9112
"North Shore Fertility","999 Plaza Drive, Suite 630",,Schaumburg,IL,60076,
"Advanced Fertility Center of Chicago — Crystal Lake","820 East Terra Cotta Ave. ","Suite 118","Crystal Lake",IL,60014,"(815) 356-1818"
"The IVF Institute","3825 Highland Avenue - Suite 2M",,"Downers Grove",IL,60515,
"The IVF Institute","25 Winfield Road ",,Winfield,IL,60190,
"IVF New England at Lowell General Hospital","10 Research Place ","Suite 205","North Chelmsford",MA,1863,
"Family Fertility Center","6651 Main Street",,Houston,TX,77030,713-798-4951
"HRC Fertility ","3231 Waring Court","Suite M",Oceanside,CA,92056,"866-472-4483, 760-758-203"
"HRC Fertility ","15503 Ventura Blvd","Suite 200",Encino,CA,91436,"866-472-4483, 818-788-728"
"HRC Fertility ","1950 Sunnycrest Dr.","Suite 2400",Fullerton,CA,92835,"866-472-4483 Toll Free, 7"
"HRC Fertility ","333 South Arroyo Parkway","3rd Floor",Pasadena,CA,91105,"866-472-4483, 626-440-916"
"HRC Fertility","1220 La Venta Drive","Suite 103","Westlake Village",CA,91361,"866-472-4483 Toll Free, 8"
"HRC Fertility","11500 Olympic Blvd","Suite 504","West Los Angeles",CA,90064,"866-472-4483, 310-481-088"
"IVF New England at the Center for Women’s Health","330 Mt. Auburn Street",,Cambridge,MA,2138,
"Fertility Centers of New England, LLC - The Boston Center","575 Boylston Street","Elevator one (left side), FL 4W",Boston,MA,2116,
"Fertility Centers of New England, LLC - The Concord Center","248 Pleasant Street, Suite 103","Pillsbury Building",Concord,NH,3301,
"Fertility Centers of New England, LLC - Reading","20 Pond Meadow Drive","Suite 101",Reading,MA,1867,
"Reproductive Gynecology Inc. - Westerville","540 N. Cleveland Ave.","Suite 100",Westerville,OH,43082,"614-895-3333, 866-537-246"
"Wake Forest University Center for Reproductive Medicine","802 Green Valley Road, Suite 106",,Greensboro,NC,27408,
"Cardone and Associates, Reproductive Medicine and Infertility , LLC","2 Main Street",,Stoneham,MA,2180,
"Center of Reproductive Medicine (CORM)","1015 Medical Center Blvd.","Suite 2100",Webster,TX,77598,281-332-0073
"Center for Reproductive Medicine","991 Sibley Memorial Highway","Suite 100","St. Paul",MN,55118,
"Reproductive Medicine Associates of Connecticut","1290 Summer Street","Suite 3200",Stamford,CT,6905,877-411-0142
"Reproductive Medicine Associates of Connecticut","67 Sand Pit Road","Suite 300",Danbury,CT,6810,877-411-0142
"Shady Grove Fertility Center ","720 Aliceanna Street","Suite 300",Baltimore,MD,21201,"410-328-2304, 1-888-761-1"
"Shady Grove Fertility Center","203 Hospital Drive, Suite B100","Baltimore Washington Med. Ctr.","Glen Burnie",MD,21061,1-888-761-1967
"Shady Grove Fertility Center","12011 Lee Jackson Memorial Hwy.","Suite 302",Fairfax,VA,22033,"703-246-0500, 1-888-761-1"
"Delaware Valley Institute of Fertility & Genetics","6000 Sagamore Drive Suite 6102",,Marlton,NJ,8053,
"Atlanta Center for Reproductive Medicine","5909 Peachtree Dunwoody Rd","Suite 720",Atlanta,GA,30328,404-435-0797
"Brigham and Women's Hospital Center for R.M. - South Shore Hospital","1032 Main Street",,"South Weymouth",MA,2190,
"Reproductive Science Center of New Jersey","780 Route 37 West","Suite 150","Toms River",NJ,8755,732-918-2500
"InVia Fertility","1585 North Barrington Road","Doctors Building Two, Suite 406","Hoffman Estates",IL,60169,
"Brown Fertility","8149 Point Meadows Way","Building 2, Suite 2497",Jacksonville,FL,32256,904-302-8168
"New England Fertility Institute","9 Washington Avenue","2nd Floor",Hamden,CT,6518,203-248-2353
"New England Fertility Institute","4 Corporate Drive","Suite 286",Shelton,CT,6484,203-929-6428
"IVF Plano","6300 W. Parker Road #G28",,Plano,TX,75093,972-612-2500
"Center for Advanced Reproductive Medicine","1184 East 80 North",,"American Fork",UT,84003,
"Reproductive Fertility Center","16300 Sand Canyon Avenue","Suite 901",Irvine,CA,92618,949-453-8600
"Reproductive Fertility Center","723 S. Garfield Avenue","Suite 203",Alhambra,CA,91801,949-453-8600
"Reproductive Fertility Center","23525 Golden Springs Drive","Suite D","Diamond Bar",CA,91765,949-453-8600
"Reproductive Fertility Center","9448 Magnolia Avenue",#103,Riverside,CA,92503,949-453-8600
"Fertility C.A.R.E.","5931 Brick Court",,"Winter Park",FL,32792,407-672-1106
"Michigan Comprehensive Fertility Center","43900 Garfield","Suite 228","Clinton Township",MI,48038,
"Michigan Comprehensive Fertility Center"," 26850 Providence Parkway","Suite 420",Novi,MI,48374,866-544-1680
"Utah Center for Reproductive Medicine","675 Arapeen Drive","Suite 205","Salt Lake City",Utah,84108,801-581-3834
"Reproductive Medicine & Infertility Associates","3625 West 65th Street","Suite 200",Edina,MN,55435,651-222-6050
"J. Michael Putman, M.D.","3600 Gaston Avenue, Suite 502","Barnett Tower",Dallas,TX,75246,
"J. Clark Bundren Gynecology and Infertility","5555 East 71st Street","Suite 6220",Tulsa,OK,74136,
"Albrecht Women's Care ","9800 Pyramid Court ","Suite 310",Englewood,CO,80112,720-420-1570
"IRMS at Saint Barnabas","94 Old Short Hills Road","Suite 403, East Wing",Livingston,NJ,7039,973-322-8286
"IRMS at Saint Barnabas","609 Washington Street","2nd Floor",Hoboken,NJ,7040,201-963-7640
"IRMS at Saint Barnabas","100 Walnut Avenue","Suite 104",Clark,NJ,7066,732-943-7169
"The Center for Human Reproduction, North Shore-LIJ Health System","136-17 39th Avenue","Suite CF-E",Flushing,NY,11354,718-559-3699
"The Center for Human Reproduction, North Shore-LIJ Health System at Huntington Hospital","270 Park Avenue",,Huntington,NY,11743,631-351-2589
"The Center for Human Reproduction, North Shore-LIJ Health System at Forest Hills","68-60 Austin Street","Suite 402","Forest Hills",NY,11375,"718-830-BABY (2229)"
"Kofinas Fertility Institute - Staten Island","4855 Hylan Boulevard",,"Staten Island",NY,10312,718-356-4000
"California IVF Fertility Center","1550 Drew Avenue, Suite 100",,Davis,CA,95618,530-771-0177
"Tennessee Reproductive Medicine","6031 Shallowford Road, Suite 101",,Chattanooga,TN,37421,
"Austin Fertility Institute","2200 Park Bend Drive","Building 1, Suite 402",Austin,TX,78758,512-339-4234
"Gundersen Fertility Center","1900 South Ave",," La Crosse",WI,54601,
"Midwest Fertility Specialists","2514 E. Dupont Road","Suite 220","Fort Wayne",IN,46825,260-490-3456
"Midwest Fertility Specialists","395 Westfield Road","Suite D ",Noblesville,IN,46060,317-571-1637
"Midwest Fertility Specialists","101 West University Avenue",,Champaign,IL,61820,217-366-1255
"Troche Fertility Centers","17612 N 59th Avenue, Suite100",,Glendale,AZ,85308,
"Aimee Eyvazzadeh ","5401 Norris Canyon Rd."," Suite 106","San Ramon",CA,94583,925-277-0600
"Napa Valley Fertility Center","1175 Trancas Street",,Napa,CA,94558,
"Center for Advanced Reproductive Medicine ","10777 Nall Avenue"," Suite 200","Kansas City",KS,66212,913-588-2229
"Fertility and Endocrine Associates","4121 Dutchmans Lane","Suite 414",Louisville,KY,40207,502-897-2144
"RMA at Jefferson","735 Fitzwatertown Road","Suite 2","Willow Grove",PA,19090,855-RMA-PHIL
"Damien Fertility Partners- Freehold (Formerly East Coast IVF)","1001 West Main St.","Suite A",Freehold,NJ,7728,732-758-6511
"Atlanta Center for Reproductive Medicine","6470 E. Johns Crossing","Suite 200","Johns Creek",GA,30097,770-928-2276
"The Center for Human Reproduction, North Shore-LIJ Health System","1554 Northern Blvd.",,Manhasset,NY,11030,"516-390-9242 "
"Reproductive Medicine Institute","7258 South Chickasaw","Suite 310",Orlando,FL,32825,
"Carolina Center for Fertility","1410 Blanding Street",,Columbia,SC,29201,
"Rocky Mountain Fertility Center","9235 Crown Crest Bvld.","Suite 250",Parker,CO,80138,303-999-3877
"Rocky Mountain Fertility Center","677 Cathedral Drive","in the Office of Black Hills OB/","Rapid City",SD,57701,303-999-3877
"Women & Infants Center for Reproduction and Infertility","1050 Main Street",,"East Greenwich",RI,2818,"401-886-4200      "
"Women & Infants Center for Reproduction and Infertility","49 and 69 South County Commons W",,"South Kingstown",RI,2879,"401-782-6866      "
"Women & Infants Center for Reproduction and Infertility","2168 Diamond Hill Road",,Woonsocket,RI,2895,"401-767-2122      "
"Women & Infants Center for Reproduction and Infertility","119 Sachem Street",,Norwich,CT,6360,"860-885-1202 "
"Women and Infants Center for Reproduction and Infertility","2200 Gar Highway",#2,Swansea,MA,2777,"508-730-1010 "
"Women & Infants Center for Reproduction and Infertility","13 Sawyer Street",,Wareham,MA,2571,"(617) 636-0053"
"Women & Infants Center for Reproduction and Infertility","1 City Hall Plaza",,Melrose,MA,2176,617-636-0053
"Women & Infants Center for Reproduction and Infertility","373 New Boston Road",,"Fall River",MA,2720,"(508) 235-3500"
"Women & Infants Center for Reproduction and Infertility","800 Washington Street",,Boston,MA,2111,"(617) 636-0053"
"Women & Infants Center for Reproduction and Infertility","627 North Main Street",,Attleboro,MA,2703,"(617) 636-0053"
"Florida Fertility Institute","2454 McMullen Booth Road, #601",,Clearwater,FL,33759,
"New Hope Fertility Center","4 Columbus Circle",,"New York",NY,10019,212-517-7676
"Institute for Human Reproduction (IHR)","18 West 100 22nd Street","Suite 106","Oak Brook",IL,60181,630-916-8630
"Women & Infants Center for Reproduction and Infertility","680 Center Street",,Brockton,MA,2302,"(617) 636-0053"
"Advanced Reproductive Medicine, University of Colorado","4125 Briargate Parkway, Suite 35",,"Colorado Springs",CO,80920,1-888-990-2727
"The Fertility Institute of Hawaii","Hale Pawa'a","1401 South Beretania St, Ste 250",Honolulu,HI,96814,
"Society Hill Reproductive Medicine","822 Pine Street","Suite 4B",Philadelphia,PA,19107,215-829-8110
"Reproductive Gynecology Inc. - Canfield","6674 Tippecanoe Road ","Suite 3",Canfield,OH,44406,866-537-2461
"ReproMed Fertility Center","12606 Greenville Avenue","Suite 190",Dallas,TX,75243,"(214) 827-8777, 877-661-1"
"Cornell Center for Reproductive Medicine","1300 Franklin Avenue",,"Garden City",NY,11530,
"Cornell Center for Reproductive Medicine","657 Main Street",,"Mount Kisco",NY,10549,
"IVF Institute-Dallas","777 Forest Lane","Suite C-108",Dallas,TX,75230,972-566-6868
"Center for Reproductive Health","2246 Weber Road",,"Crest Hill",IL,60403,
"Servy Massey Fertility Institute","3193 Howell Mill Road, ","NW, Suite 214",Atlanta,GA,30327,
"The California Center for Reproductive Health","16550 Ventura Boulevard, Suite 4",,Encino,CA,91436,
"Chicago IVF","2020 Dean Street",,"St. Charles",IL,60174,
"Midwest Fertility Center","3714 West 26th Street",,Chicago,IL,60623,800-244-0212
"Midwest Fertility Center","3000 North Halsted Street",,Chicago,IL,60657,630-810-0212
"Midwest Fertility Center","9305 Calumet Avenue",,Munster,IN,46321,800-244-0212
"Midwest Fertility Center","1101 E. Glendale Blvd.",,Valparaiso,IN,46383,800-244-0212
"River View Fertility","90 Maiden Lane","Suite 300","New York",NY,10038,212-430-6009
"La Jolla IVF","9850 Genesee Avenue","Suite 610","La Jolla",CA,92037,858-558.2221
"Reproductive Biology Associates ","2701 Meredyth Drive",,Albany,GA,31707,"4042571773 "
"Oregon Reproductive Medicine","9555 SW Barnes Road","Suite 255",Portland,OR,97225,503-274-4994
"Oregon Reproductive Medicine","505 NE 87th Ave.","Suite 160",Vancouver,WA,98664,503-274-4994
"Oregon Reproductive Medicine","2450 NE Mary Rose Pl.","Suite 220",Bend,OR,97701,503-274-4994
"Reproductive Biology Associates","275 Collier Rd.","Suite 490",Atlanta,GA,30309,404-665-5722
"Cleveland Clinic Fertility Center","9500 Euclid Ave","A81 ",Cleveland,OH,44195,216-444-6601
"Cleveland Clinic - Avon","33100 Cleveland Clinic Blvd.",,Avon,OH,44011,440-695-4000
"Cleveland Clinic - Solon","29800 Bainbridge Road","2nd Floor",Solon,OH,44139,440-519-6960
"Cleveland Clinic - Strongsville","16761 SouthPark Center ",,Strongsville,OH,44136,440.878.2500
"Cleveland Clinic - Twinsburg","8701 Darrow Road",,Twinsburg,OH,44087,330-888-4000
"The Fertility Center of Orlando","7300 Sandlake Commons Blvd.","Suite 227",Orlando,FL,32819,407-345-9006
"Conceptions Reproductive Associates of Colorado","4500 E. 9th Avenue",#630,Denver,CO,80220,"303-720-7887    "
"The Fertility Center of Orlando","834 N. Alafaya Trail","Suite B-7",Orlando,FL,32826,407-345-9006
"Fertility & IVF Center of Miami","4308 Alton Road","Suite 760","Miami Beach",FL,33140,"954-437-2053, 3055964013 "
"Fertility & IVF Center of Miami","12600 Pembroke Road","Suite 306",Miramar,FL,33027,"866-IVF-BABY, 3055964013 "
"Advanced Center for Infertility","2708 Commerce Drive",,Harrisburg,PA,17110,
"Delaware Institute for Reproductive Medicine P.A.","556 South DuPont Boulevard","Suite H",Milford,DE,19963,302-424-6645
"Shady Grove Fertility Center","355 N 21st St, Ste301",,"Camp Hill",PA,17011,1-888-761-1967
"LA IVF","10309 Santa Monica Blvd",,"Los Angeles",CA,90025,
"Reproductive Medicine Associates of Connecticut","115 Technology Drive","Suite A203",Trumbull,CT,6611,203-880-5340
"Reproductive Medicine Associates of Connecticut","600 Westage Business Center Dr.",,Fishkill,NY,12524,8457908963
"University of Washington","1959 NE Pacific Street",,Seattle,WA,98195,
"Jarrett Fertility","1818 E. Windsor Road",,Urbana,IL,61801,217-255-9600
"Center for Advanced Reproductive Medicine & Fertility","123 North Union Avenue","Suite 102",Cranford,NJ,7016,908-998-3660
"Center for Advanced Reproductive Medicine & Fertility","666 Plainsboro Road","Building 100, Suite C",Plainsboro,NJ,8536,"609-297-4070, "
"HRC Fertility","500 Superior Avenue","Suite 210","Newport Beach",CA,92663,949-287-5600
"Reproductive Science Center of New Jersey","3131 Princeton Pike","Building 6, Suite 100",Lawrenceville,NJ,8648,609-895-1114
"Pacific Reproductive Center","10 Post",,Irvine,CA,92618,949-341-0100
"Pacific Reproductive Center","381 Corporate Terrace",,Corona,CA,92879,951-371-9200
"Pacific Reproductive Center","1141 N Brand Blvd","Suite 400",Glendale,CA,91202,818-844-2690
"Pacific Reproductive Center","2140 Grand Ave","Suite 230","Chino Hills",CA,91709,909-548-0810
"Pacific Reproductive Center","23101 Sherman Place, #304",,"West Hills",CA,91307,818-844-2690
"Pacific Reproductive Center","3609 Vista Way",,Oceanside,CA,92056,949-341-0100
"Main Line Fertility & Reproductive Medicine","11 Industrial Blvd","Suite 100",Paoli,PA,19301,610-993-8200
"Main Line Fertility & Reproductive Medicine","915 Old Fern Hill Road","Suite 101, Bldg B","West Chester",PA,19380,610-840-1500
"Reproductive Medicine Associates of New Jersey","Meridian Center 1","2 Industrial Way West, Suite 204",Eatontown,NJ,7724,732-935-1002
"Reproductive Medicine Associates of New Jersey","25 Rockwood Place","Suite 125",Englewood,NJ,7631,201-569-7773
"Reproductive Medicine Associates of New Jersey","100 Franklin Square Drive","Suite 200",Somerset,NJ,8873,732-537-0631
"Reproductive Medicine Associates of New Jersey","MAC II Women’s Center","11 Overlook Rd, Suite LL102",Summit,NJ,7902,"973-325-2229 "
"Reproductive Medicine Associates of New Jersey","475 Prospect Avenue","Suite 101","West Orange",NJ,7052,973-325-2229
"IRMS at Saint Barnabas","560 Springfield Ave","Suite 102",Westfield,NJ,7090,973-322-8286
"Houston Fertility Institute","251 Medical Center Blvd,","Suite 125",Webster,TX,77598,"281-554-5111  "
"Houston Fertility Institute","740 Hospital Drive","Suite 110",Beaumont,TX,77701,409-212-1636
"Reproductive Medicine Associates of Philadelphia","4700 Union Deposit Road","Suite 140",Harrisburg,PA,17111,855-RMA-PHIL
"RMA at Jefferson","833 Chestnut Street","Suite C 152 Upper Concourse ",Philadelphia,PA,19107,
"RMA at Jefferson","625 Clark Avenue","Suite 17B?","King of Prussia",PA,19406,
"RMA at Jefferson","320 Middletown Boulevard","Suite 303",Langhorne,PA,19047,267.852.0780
"Abington Reproductive Medicine-Doylestown","599 W. State Street","Suite 211",Doylestown,PA,18901,215-887-2010
"Abington Reproductive Medicine-Langhorne","360 Middletown Blvd","Suite 400",Langhorne,PA,19047,215-887-2010
"Abington Reproductive Medicine-Lansdale","1690 Sumneytown Pike","Suite 190",Lansdale,PA,19446,215-887-2010
"Abington Reproductive Medicine-Paoli","250 West Lancaster Pike","Suite 260",Paoli,PA,19301,215-887-2010
"Lancaster Fertility","1059 Columbia Avenue",,Lancaster,PA,17603,717-517-8504
"Colorado Center for Reproductive Medicine","Avista Two Medical Plaza","Suite 240",Louisville,CO,80027,"(303) 788-8300"
"Reproductive Medicine Associates of New Jersey","140 Allen Road",,"Basking Ridge",NJ,7920,908-604-7800
"Center for Women's Reproductive Care at Columbia University","516 Route 303","Suite 4",Orangeburg,NY,10962,646-872-1322
"American Health Network","145 E Virginia Street","Suite 5000A",Evansville,IN,47715,317-580-4493
"Fertility Centers of Arizona","8901 E. Mountain View Rd","Suite 201",Scottsdale,AZ,85258,480-398-3864
"IVF Phoenix","9817 N 95th Street","Bldg. I, Suite 105",Scottsdale,AZ,85258,
"Fertility Centers of Arizona","10238 E. Hampton Ave","Suite 212",Mesa,AZ,85209,480-398-3864
"Long Island IVF- Brooklyn","1725 East 12th Street"," Suite 401",Brooklyn,NY,11229," 718-375-6400"
"Long Island IVF- Lake Success","2001 Marcus Avenue","Suite N213","Lake Success",NY,11042,516-358-6363
"Long Island IVF-Stony Brook","2500 Nesconset Highway (Rte 347)","Building 19A","Stony Brook",NY,11790,631-331-7575
"Long Island IVF- West Islip","500 Montauk Highway","Suite A","West Islip",NY,11795,631-661-5437
"Long Island IVF-East Patchogue","100 Hospital Road","Suite 202","East Patchogue",NY,11772,631-687-2229
"Damien Fertility Partners (Formerly East Coast IVF)","655 Shrewsbury Avenue",,Shrewsbury,NJ,7702,
"Damien Fertility Partners- Brick (Formerly East Coast IVF)","35 Beaverson Blvd.",,Brick,NJ,8723,
"Damien Fertility Partners- Jersey City (Formerly East Coast IVF)","377 Jersey Avenue",,"Jersey City",NJ,7302,
"Atlantic Reproductive Medicine Specialists","10208 Cerny Street","Suite 306",Raleigh,NC,27617,
"North Carolina Center for Reproductive Medicine","1517 North Church Street",,Greensboro,NC,27405,800-933-7202
"IVFMD/ South Florida Institute for Reproductive Medicine- Kendall","15955 SW 96 Street","Suite 305",Miami,FL,33196,"877-934-1734 "
"IVFMD/South Florida Institute for Reproductive Medicine","9960 Central Park Blvd","Suite 275","Boca Raton",FL,33428,"877 934-1735"
"Fertility Partnership","5401 Veteran’s Memorial Parkway",,"St. Peter's",MO,63376,636-441-7770
"Diamond Institute for Infertility","30 Hatfield Lane","Suite 105",Goshen,NY,10924,845-291-1111
"American Health Network","1300 W. Jefferson ","St. #C",Franklin,IN,46131,317-580-4493
"Brown Fertility","70 West Gore St","Suite 202",Orlando,Florida,32806,407-583-6343
"Brown Fertility","1405 Centerville Rd","Suite 4200",Tallahassee,Florida,32308,800-750-8823
"American Reproductive Centers","1640 Newport Blvd","Ste 460","Costa Mesa",CA,92627,"949-309-3330 "
"Rancho Mirage Fertility Center","1199 North Indian Canyon Road",,"Palm Springs",CA,92262,760-346-4334
"Neway Fertility","115 East 57th Street","Suite 500","New York",NY,10022,"212-750-3330 ext. 170"
"RMA of Central Pennsylvania at PinnacleHealth","2025 Technology Parkway","Suite 211",Mechanicsburg,PA,17050,
"Poma Fertility","12039 NE 128th St"," Suite 110",Kirkland,WA,98034,425.822.7662
"Reproductive Medicine Associates of New York- Brooklyn","26 Court Street","Suite 2710",Brooklyn,NY,11242," (718) 532-8700"
"Reproductive Medicine Associates of New York- Cornwall","21 Laurel Avenue ",,Cornwall,NY,12518,"(914) 997-6200"
"Pacific In Vitro Fertilization Institute","1319 Punahou Street","Suite 980",Honolulu,HI,96826,808-946-2226
"Fertility C.A.R.E.","1148 Celebration Blvd.",,Celebration,FL,34747,407-672-1106
"Boston IVF at The Women's Hospital","4199 Gateway Blvd","Suite 2600",Newburgh,IN,47630,812-842-4530
"Reproductive Partners Medical Group- Fresno","7014 North Whitney Avenue",,Fresno,CA,93720,559.221.7014
"Pacific Reproductive Center","71780 San Jacinto Dr",,"Rancho Mirage",CA,92270,"(800) 405-6186"
"University Hospitals Fertility Center- Cleveland","11100 Euclid Avenue",,Cleveland,OH,44106,216-844-3911
"University Hospitals Fertility Center-Westlake","2055 Crocker Rd","Suite 206",Westlake,OH,44145,440-808-5100
"Bellingham IVF and Fertility Care","2980 Squalicum Parkway","Suite 103",Bellingham,WA,98225,"(360) 715-8124"
"Arizona Reproductive Institute","1775 East Skyline Drive","Suite 175",Tucson,AZ,85718,
"IRMS at Saint Barnabas","375 US Highway 130","Suite 104","East Windsor",NJ,8520,"(609) 448-4300"
"Abington Reproductive Medicine- East Norriton","559 West Germantown Pike","Suite 270","East Norriton",PA,19403,215-887-2010
"Life IVF Center","3500 Barranca Pkwy",#300,Irvine,CA,92606,949-788-1133
"BOSTON IVF - THE ARIZONA CENTER","8901 E. Mountain View Road",,Scottsdale,AZ,85258,
"Fertility Specialists of Texas-Frisco","5757 Warren Parkway","Suite 300",Frisco,TX,75034,214-618-2044
"Fertility Specialists of Texas-Grapevine","1601 Lancaster Drive","Suite 160",Grapevine,TX,76051,817-251-3553
"HRC Fertility ","8112 Milliken Avenue","Suite 101-1","Rancho Cucamonga",CA,91730,"(909) 941-1120"
"The Fertility Center of Chattanooga- Knoxville","10413 Kingston Pike, Ste. 201",,Knoxville,TN,37922,865-692-3433
"Pacific Fertility Center of Los Angeles-Glendale","1808 Verdugo Blvd, Suite 319",,Glendale,CA,91208,"(818) 952-0328"
"Huntsville Reproductive Medicine, P.C.","20 Hughes Road","Suite 203",Madison,AL,35758,
"John Nels Anderson, MD","265 N. Binkley St",,Soldotna,AK,99669,
"California Center for Reproductive Medicine","477 N El Camino Real",,Encinitas,CA,92024,
"The Fertility Institutes-Los Angeles, New York, Guadalajara","16030 Ventura Blvd","Suite 404",Encino,CA,91436,
"Xpert Fertility Care of California","11180 Warner Ave","Suite 465","Fountain Valley",CA,92708,
"Care Fertility","1500 E. Chevy Chase Drive","Suite #450",Glendale,CA,91206,
"Lane Fertility Institute","101 Rowland Way",,Novato,CA,94945,
"Bay In Vitro Fertilization Center","1681 El Camino Real",,"Palo Alto",CA,94306,
"NTC Infertility Clinic","2051 Cushing Rd","Bldg 624","San Diego",CA,92106,
"Santa Barbara Fertility Center","536 E. Arrellaga St","Suite 201","Santa Barbara",CA,93103,
"Santa Monica Fertility","2825 Santa Monica Boulevard","Suite 100","Santa Monica",CA,90404,
"University Fertility Center","23550 Hawthorne Boulevard","Suite 210",Torrance,CA,90505,
"Park Avenue Fertility and Reproductive Medicine","5520 Park Avenue","Suite 103",Trumbull,CT,6611,
"Infertility and Reproductive Medicine of South Broward","9900 Stirling Rd","Suite 300","Cooper City",FL,33024,954-432-2228
"Center for Natural IVF","600 Heritage Drive","Suite 200",Jupiter,FL,33458,
"Viera Fertility Center","3160 Alzante Circle",,Melbourne,FL,32940,
"Palmetto Fertility Center of South Florida","7100 W. 20th Ave","Suite 205","Miami Lakes",FL,33016,
"Fertility Center of Assisted Reproduction & Endocrinology","5931 Brick Ct",,"Winter Park",FL,32792,
"Columbus Center for Reproductive Endocrinology and Infertility","2323 Whittlesey Rd",,Columbus,GA,31909,
"Advanced Reproductive Medicine & Gynecology of Hawaii","1401 South Beretania St","Suite 250",Honolulu,HI,96814,
"IVF Hawaii","1329 Lusitana St","Suite 607",Honolulu,HI,96813,
"Martin S. Balin, M.D., Ph.D.,","2825 N. Halsted St",,Chicago,IL,60657,
"Women's Health Consultants","1725 W. Harrison St","Suite 408E",Chicago,IL,60612,
"Chicago Infertility Associates","1515 W. Lake St","Suite 208","Hanover Park",IL,60133,
"The Advanced IVF Institute","120 Osler Dr","Suite 100",Naperville,IL,60540,
"Daniel Rostein, M.D.","2208 Midwest Road","Suite 102","Oak Brook",IL,60523,
"Southern Illinois University School of Medicine Fertility and IVF Center","751 N. Rutledge St","Suite 0100",Springfield,IL,62702,
"Community Reproductive Endocrinology","7250 Clearvista Dr","Suite 365",Indianapolis,IN,46256,
"University of Iowa Hospitals and Clinics Center for Advanced Reproductive Care","Pomerantz Family Pavilion","200 Hawkins Dr","Iowa City",IA,52242,
"The Center for Reproductive Medicine","9300 E. 29th St North","Suite 102",Wichita,KS,67226,
"University of Kentucky","125 E. Maxwell St","Suite 140",Lexington,KY,40508,
"Center for ART at Union Memorial Hospital","201 E. University Pkwy","Suite 464",Baltimore,MD,21218,
"Endrika Hinton, M.D.","10751 Falls Rd","Suite 302",Lutherville,MD,21093,
"Massachusetts General Hospital Fertility Center","32 Fruit St","Yawkey 10A",Boston,MA,2114,
"REI Division at Tufts Medical Center","North Building, Mezzanine Level","800 Washington St",Boston,MA,2111,
"Fertility Solutions","45 Stergis Way ",,Dedham,MA,2026,
"Advanced Reproductive Medicine and Surgery","4190 Telegraph Rd","Suite 1500","Bloomfield Hills",MI,48302,
"Mississippi Fertility Institute","2925 Layfair Drive",,Flowood,MS,39232,
"Center for Reproductive Medicine and Fertility","500 N. Keene St","Suite 203",Columbia,MO,65201,
"Billings Clinic","801 N. 29th Street ",,Billings,MT,59107,
"Douglas S. Rabin, M.D.","33-00 Broadway","Suite 303","Fair Lawn",NJ,7410,
"The New York Fertility Center","42-31 Colden St","Suite 202",Flushing,NY,11355,
"Rochester Fertility Care","1561 Long Pond Rd","Suite 410",Rochester,NY,14626,
"University IVF","725 Irving Avenue","Suite 600",Syracuse,NY,13210,
"Womack Army Medical Center REI Clinic","Building 4-2817 Reilly Road",,"Fort Bragg",NC,28308,
"Wright State Physicians Women's Health Care","One Wyoming St ",4130,Dayton,OH,45409,
"Deaconess Center for Reproductive Health","5401 N. Portland Ave. ","Suite 510","Oklahoma City",OK,73112,
"OU Physicians Reproductive Medicine","1000 N. Lincoln Blvd","Suite 300","Oklahoma City",OK,73104,
"Fertility Center of Oregon","590 Country Club Pkwy","Suite A",Eugene,OR,97401,
"University Fertility Consultants","3303 S.W. Bond Ave","10th Floor","Portland ",OR,97239,
"Jefferson IVF","834 Chestnut St","Suite 300",Philadelphia,PA,19107,
"Quillen Fertility and Women's Services","110 Corporate Dr","Suite 140","Johnson City",TN,37604,
"Fertility Associates of Memphis","80 Humphreys Center","Suite 307",Memphis,TN,38120,
"Austin Fertility and Reproductive Medicine-Westlake IVF","300 Beardsley Ln, Bldg B","Ste 200",Austin,TX,78746,
"Fertility and Advanced Reproductive Medicine","1801 Inwood Rd","6th Floor",Dallas,TX,75390,
"Fertility Center of Dallas","3900 Junius Street","Suite 610",Dallas,TX,75390,
"Frisco Institute for Reproductive Medicine","8380 Warren Pkwy","Suite 201",Frisco,TX,75034,
"Center for Fertility and Reproductive Surgery","3502 9th St","Suite G10",Lubbock,TX,79415,
"Reproductive Institute of South Texas","110 E. Savannah","Bldg B, Suite 103",McAllen,TX,78503,
"Perinatal and Fertility Specialists","502 Madison Oak Dr","Suite 210","San Antonio",TX,78258,
"Scott & White Healthcare","2401 S. 31st St.",,Temple,TX,76508,
"Utah Fertility Center","1988 West 930 North","Suite B","Pleasant Grove",UT,84062,
"University Center for Advanced Reproductive Medicine","9000 Stony Point Pkwy",,Richmond,VA,23235,
"Francisco M. Irianni, M.D.","1820 W. Plaza Dr",,Winchester,VA,22601,
"Washington Center for Reproductive Medicine","1370 116th Ave N.E.","Suite 100",Bellevue,WA,98004,
"Cabell Huntington Hospital - Center for Advanced Reproductive Medicine","1340 Hal Greer Blvd",,Huntington,WV,25701,
"Pedro J. Beauchamp, MD","100 Paseo San Pablo","Suite 503",Bayamon,PR,959,
" Clinica de Fertilidad HIMA-San Pablo","Ave Muñoz Rivera, A-1","Suite 303",Caguas,PR,726,
GREFI,"1519 Ave Ponce de Leon","Suite 705",Santurce,PR,910,
"Davies Fertility & IVF Specialists, S.C.","2601 Compass Road, Suite 115",,Glenview,IL,60026,
"Houston Fertility Institute - Cypress Location","21216 Northwest Fwy",,Cypress,TX,77429,"713-796-1434 "
"CNY Fertility Center- Albany","38A Old Sparrowbush Road",,Latham,NY,12110,518.690.0700
"CNY Fertility Center-Rochester","2244 East Avenue",,Rochester,NY,14610,"(585) 244-1280 "
"Richmond Fertility Center","7603 Forest Avenue",,Richmond,VA,23229,804-285-9700
"Richmond Fertility Center - Fredericksberg","1300 Hospital Dr, Suite 200","Women's Service Building","Fredericksberg ",VA,22405,804-285-9700
"Palo Alto Medical Foundation Fertility Physicians of Northern California ","3200 Kearney Street",,Fremont,CA,94538,510-498-2982
"The Follas Center for Reproductive Medicine","9660 East 146th Street","Suite 400",Noblesville,IN,46060,317-774-1200
"Northern California Fertility Medical Center-Sacramento","1111 Exposition Blvd, #200",,Sacramento,CA,95815,916-773-2229
"Genesis Fertility & Reproductive Medicine","808 8th Avenue",,Brooklyn,NY,11215,718-283-8600
"Genesis Fertility & Reproductive Medicine","447 Atlantic Ave, 2nd Fl",,Brooklyn,NY,11217,718-283-8600
"Genesis Fertility & Reproductive Medicine-Staten Island","1855 Richmond Avenue",,"Staten Island",NY,10314,718-283-8600
"Genesis Fertility & Reproductive Medicine-Hewlett","1175 West Broadway, Ste 24",,Hewlett,NY,11557,516-216-4220
"Palo Alto Medical Foundation Fertility Physicians of Northern California "," 540 University Ave ",,"Palo Alto ",CA,94301,800-597-2234
"Utah Fertility Partners- an affiliate of California Fertility Partners","2435 West 450 South, Ste 103",,"Pleasant Grove",UT,84062,801-756-4313
"Shady Grove Fertility Center","555 City Ave, Ste 1170",,"Bala Cynwyd",PA,19004,610-667-1070
"Shady Grove Fertility Center","945 Chesterbrook Blvd",,Chesterbrook,PA,19087,610-981-6000
"Shady Grove Fertility Center","1210 Broadcasting Rd. Ste 101",,Reading,PA,19610,610-376-1229
"Reproductive Care Center","1725 East 1450 South Ste 300",,Clearfield,UT,84015,"(801) 784-5484"
"Center for Advanced Reproductive Services - Farmington","2 Batterson Park Road ",,"Farmington ",CT,6032,
"Center for Advanced Reproductive Services - Hartford ","100 Retreat Avenue ","Suite 900 ","Hartford ",CT,6106,
"Center for Advanced Reproductive Services - New London","4 Shaws Cove ","Suite 201 ","New London",CT,6320,
"IVF New England- North Portsmouth","875 Greenland Road, Suite B11",,Portsmouth,NH,3801,
"IVF New England- Worcester","123 Summer Street, Suite 250",,Worcester,MA,1608,
"Southern California Center for Reproductive Medicine- Mission Viejo","26800 Crown Valley Parkway","Suite 560","Mission Viejo",CA,92691,
"Atlanta Center for Reproductive Medicine","711 Canton Road","Suite 410",Marietta,GA,30060,404-435-0797
"Continuum Reproductive Center of St Luke's Roosevelt Hospital","83 South Bedford Road",,"Mt. Kisco",NY,10549,
"Marin Fertility Center","390 Laurel Street ","Suite 205","San Francisco",CA,94118,
"Southern California Reproductive Center- Santa Barbara","1722 State St #203",,"Santa Barbara","CA ",93101,
"Institute for Human Reproduction (IHR)","2825 Halsted ",,Chicago,IL,60657,
"North Shore Fertility","4250 Dempster Street",,Skokie,IL,60076,
"North Shore Fertility","999 Plaza Drive, Suite 630",,Schaumburg,IL,60173,
"Georgia Reproductive Specialists","3400-C Old Milton Parkway","Suite 475",Alpharetta,GA,30005,
"Georgia Reproductive Specialists","2685 Milscott Drive	",,Decatur,GA,30033,
"Reproductive Medicine Associates of New York-Downtown","594 Broadway, Suite 1011",,"New York",NY,10012,
"Southern California Reproductive Center- Lancaster/Palmdale","44105 N 15th St. West ","Suite 304 ",Lancaster,CA,93534,
"Southern California Reproductive Center - Ventura","4080 Loma Vista Road","Suite P",Ventura,"CA ",93003,
"Southern California Reproductive Center - Valencia","27871 Smyth Drive ","Suite 102","Valencia ",CA,91355,
"Cornell Center for Reproductive Medicine","2315 Broadway","(corner of 84th and Broadway)","New York",NY,10024,
"IVFMD/ South Florida Institute for Reproductive Medicine","9900 Stirling Road #300",,"Cooper City","FL ",33024,
"Fertility Centers of New England, LLC - The Nashua Center","166 Kinsley Street","Suite 204",Nashua,NH,3060,
"Fertility Centers of New England, LLC- The Bangor, ME Center","700 Mt Hope Avenue, Suite 480",,Bangor,"ME ",4401,
"DFW Center for Fertility and IVF","980 Raintree Circle",,Allen,TX,75013,
"Fertility Institute of Texas","540 Oak Centre Dr, Suite 260",,"San Antonio","Texas ",78258,
"Fertility Institute of Texas","1583 Common St, Ste 100",,"New Braunfels ",Texas,78130,
"Partners in Reproductive Health","800 Macarthur Blvd ","Suite #2",Munster,IN,46321,
"South Jersey Fertility Center","1900 Mt. Holly Rd. (Route 541)","Suite 4A",Burlington,NJ,8016,
"Virginia Commonwealth University Health Systems","1101 East Marshall Street",,Richmond,VA,23298,
"Coastal Fertility Specialists","1375 Hospital Drive",,"Mount Pleasant","SC ",29464,
"The Fertility Center of Charleston","1280 Hospital Drive","Suite 300","Mt. Pleasant","SC ",29464,
"Elite Fertility Clinic","435 W. Arden Ave., Suite 340",,Glendale,CA,91203,
"The Fertility Institute of Hawaii","Medical Arts Building","407 Uluniu Street, Suite 312",Kailua,HI,96734,
"Genesis Fertility Centre","1367 West Broadway","Suite 300",Vancouver,BC,0,
"The Advanced Fertility Center of Texas","11302 Fallbrook Drive","Suite #110",Houston,TX,77065,
"The Advanced Fertility Center of Texas","7700 S. Main St., Suite 310",,Houston,TX,77030,
"The Advanced Fertility Center of Texas","17198 St. Luke’s Way","Suite #410","The Woodlands",TX,77384,
"The Advanced Fertility Center of Texas","1602 Rock Prairie Rd","Suite #400","College Station",TX,77845,
"Assisted Fertility Program of North Florida","2965 Colonnade Dr Suite 140",,Roanoke,VA,24018,
"IRMS at Saint Barnabas","377 Jersey Ave #20",,"Jersey City",NJ,7302,
"Cornell Center for Reproductive Medicine","40 Worth Street, Suite 401",,"New York","NY ",10013,
"SpringCreek Fertility","7095 Clyo Road",,Centerville,"OH ",45459,
"Center for Assisted Reproduction","1250 8th Ave","Ste 365","Fort Worth",TX,76104,
"Center for Assisted Reproduction","10840 Texas Health Trail","Ste 210","Fort Worth",TX,76244,
"American Reproductive Centers","1199 N. Indian Canyon Drive",,"Palm Springs",CA,92262,
"C.A.R.E for the Bay Area","555 Knowles Drive","Suite 212","Los Gatos",CA,95032,
"The Lexington Fertility Center","One Eagle View Plaza",,Lexington,KY,40509,
"Montgomery Fertility Center","2730 University Blvd. West","Suite 614","Silver Spring",MD,20902,
"Mississippi Reproductive Medicine (MRM)","1040 River Oaks Drive, Suite 202",,Flowood,"Mississippi ",39232,
"Center for Reproductive Medicine and Robotic Surgery","522 N. New Ballas, Suite 206",,"St. Louis",Missouri,63141,
"New Jersey Best OB/GYN","716 Broad St., Suite 2C ",,Clifton,NJ,7013,
"Advanced Services for Reproductive Medicine","1001 Fifth Avenue",,"New York",NY,10028,
"Braverman Reproductive Immunology","800 Woodbury Road Suite G",,Woodbury,NY,11797,
"Brooke Army Medical Center","2200 Berquist Drive, Suite 1",,"Lackland AFB",TX,78236,
"The Heard Clinic","1315 St. Joseph Parkway","Medical Place One Suite 1305",Houston,TX,77002,
"Women's Fertility Center","1290 Summer Street ","Suite 2500",Stamford,CT,6905,
"Women's Fertility Center of NJ","106 Grand Ave",,Englewood,NJ,7631,
"Island Reproductive Services","3000 Hadley Road Suite 2C",,"South Plainfield",NJ,7080,
"NYU Fertility Center","355 W 52nd Street, 3rd floor ",,"New York",NY,10019,
"NYU Fertility Center","55 Holly Hill Lane ","Suite 270",Greenwich,CT,6830,
"Damien Fertility Partners (Formerly East Coast IVF)","303 West Main Street","Lower Level",Freehold,NJ,7728,
"Chelsea Fertility of New York City","105 East 37th Street ","Suite 1","New York",NY,10016,
"Greenwich Fertility & IVF Center","115 Main Street, Suite 300",,Tuckahoe,NY,10707,
"Conceptions Florida","2828 Coral Way, Suite 103",,Miami,FL,33145,
"NY-C Fertility","1S260 Summit Ave, 3rd floor",,"Oakbrook Terrace",IL,60181,
"Barbados Fertility Centre","Hastings Main Road",,Bridgetown,Barbados,0,
"Damien Fertility Partners (Formerly East Coast IVF)","Military Park Office Building","60 Park Place, Suite 210",Newark,NJ,7102,
"Institute for Human Reproduction (IHR)","7456 South State Road, Suite 302",,"Bedford Park",IL,60638,
"California IVF Fertility Center","2288 Auburn Blvd Ste 204",,Sacramento,CA,95821,
"Dominion Fertility","3620 Joseph Siewick Drive","Suite 300",Fairfax,VA,22033,
"Dominion Fertility","1145 19th St. NW ","Suite 410",Washington,"DC ",20036,
"Dominion Fertility","10215 Fernwood Rd. Suite 250",,Bethesda,MD,20817,
"Care Fertility","10837 Laurel Street","Suite #202","Rancho Cucamonga",CA,91730,
"Arizona Associates for Reproductive Health","595 N Dobson Road #A5",,Chandler,Arizona,85224,
"Arizona Associates for Reproductive Health","2222 E. Highland Ave., Ste.222",,Phoenix,"Arizona ",85016,
"Arizona Associates for Reproductive Health","3885 S.Val Vista Dr., Ste. 105",,Gilbert,AZ,85297,
"Morgan Fertility at Shore Institute for Reproductive Medicine - Shore IVF","300 Perrine Road","Suite 301","Old Bridge Township",NJ,8857,
"Morgan Fertility at Shore Institute for Reproductive Medicine - Shore IVF","76 West Jimmie Leeds Road",,Galloway,NJ,8205,
"Morgan Fertility at Shore Institute for Reproductive Medicine - Shore IVF","802 West Park Avenue",,"Ocean Township",NJ,7712,
"MCRM Fertility","17300 N. Outer Forty Rd ",,Chesterfield,MO,63005,
"SRM Spokane","15920 E Indiana Ave","Suite 200","Spokane Valley",WA,99216,
Accelovance,"2275 Research Blvd",,Rockville,MD,20850,
"Atlanta Center for Reproductive Medicine","6470 E. John's Crossing","Suite 200","Johns Creek",GA,30097,404-435-0797
"Carolinas Fertility Institute","245 Charlois Boulevard",,Winston-Salem,NC,27103,
"Piedmont Reproductive Endocrinology Group ","3 Medical Park Drive","Suite 350",Columbia,SC,29203,864-232-7734
"Reproductive Care Center","2435 West 450 South, Suite 103",,"Pleasant Grove","UT ",84062,
"Accelovance, Inc.","100 Church",,"New york","ny ",10016,
"Beverly Hills Reproductive Fertility Center","9201 W. Hollywood Blvd, Ste 500",,"Los Angeles",CA,90069,
"Beverly Hills Reproductive Fertility Center","9201 W. Sunset Blvd. Suite 500",,"Los Angeles","CA ",90069,
"Bloom Reproductive Institute","8415 N. Pima Road","Suite 290",Scottsdale,AZ,85258,
"The Fertility Center","130 Leader Heights Road",,York,PA,17403,
"The Fertility Center","2108 Harrisburg Pike",,Lancaster,PA,17604,
"The Arc in Hawaii","3989 Diamond Head Road",,Honolulu,"HI ",96816,
"Reproductive Medicine Associates of New York- Westside","200 West 57th Street",,NY,NY,10019,
"Northeastern Reproductive Medicine","105 West View Road",,Colchester,Vermont,5446,
"The Fertility Center, LLC","130 Leader Heights Road",,York,PA,17403,
"Hudson Valley Radiology Associates","115 Main St",,Tuckahoe,NY,10707,
"Center for Advanced Genetics","3144 El Camino Real, Suite 106",,Carlsbad,CA,92008,
"Georgia Regents University","1120 15th St, ",,Augusta,GA,30912,
"Reproductive Medicine Associates of New York, LLP - Westchester – Mount Kisco","83 South Bedford Road",,"Mount Kisco","New York",10549,
"Fertility Center of Las Vegas","99 N La Cienega Boulevard Suite ",,"Beverly Hills",CA,90221,
